Uniprot ID,Gene name,GTEx,Brain_RNA-Seq,HPA_RNA,HPA_IHC,HPA_Consensus,Tau Sum,scRNAseq Rank,scRNAseq Attribution,DT Mass Spec - Plasma,DT Mass Spec - CSF,DT Mass Spec - Neuron Culture,HPPP - Plasma,HPPP - EV,iPSC Proteomics,Guldbrandsen2014,Zhang2007,Macron2018,Schutzer2010,Begcevic2016,Thompson2020,Muraoka2020,Thompson2018,Chiasserini2014,DT Plasma EVs from 10 individuals,DT CSF EVs from 10 individuals,Sum in Mass Spec,Transmembrane
Q96PR1,KCNC2,0.9843326906575904,0.9349592011620134,0.9736723252677129,0.0,0.8088948997736763,3.701859116860993,34,0.0035747317115117,0,0,0,0,0,0,0,0,0,0,0,0,0,0,0,0,0,0.0,True
Q7Z7J7,LHFPL4,0.9646415471640779,0.8454219659132128,0.9563652818550279,0.0,0.9635234664543921,3.7299522613867104,1831,0.0002764166064547,0,0,0,0,0,0,0,0,0,0,0,0,0,0,0,0,0,0.0,True
P23416,GLRA2,0.9891359798997588,0.9304924236337149,0.9573942721755769,0.9469042258651806,0.969835952092552,4.793762853666784,875,0.0005301150005679,0,0,0,0,0,0,0,0,0,0,0,0,0,0,0,0,0,0.0,True
Q9NYM4,GPR83,0.8974341893015492,0.929833117873277,0.9267203799200052,0.0,0.9331871835328864,3.6871748706277176,11531,2.5307041825862435e-05,0,0,0,0,0,0,0,0,0,0,0,0,0,0,0,0,0,0.0,True
P48169,GABRA4,0.9559629837026724,0.8113725463439148,0.9566396863399848,0.0,0.955433190709901,3.679408407096473,633,0.000706056291973,0,0,0,0,0,0,0,0,0,0,0,0,0,0,0,0,0,0.0,True
P48549,KCNJ3,0.8381816796407645,0.9217687596978801,0.7747742999925339,1.0000000000000009,0.12577822036076453,3.660502959691944,41,0.0034332786718902,0,0,0,0,0,0,0,0,0,0,0,0,0,0,0,0,0,0.0,True
Q9NZV8,KCND2,0.841385632959893,0.7413344032254073,0.8774308793761163,1.0000000000000009,0.1992429199581614,3.659393835519579,106,0.0023280113917671,0,0,0,0,0,0,0,0,0,0,0,0,0,0,0,0,0,0.0,True
O43761,SYNGR3,0.8591814425142155,0.9276641071558771,0.8645414921859474,0.9881947990007364,0.0,3.6395818408567764,1273,0.0003793231661501,0,0,0,0,0,0,0,0,0,0,0,0,0,0,0,0,0,0.0,True
Q8NCM2,KCNH5,0.9798574197360739,0.8330084274763055,0.9891660208875319,0.0,0.821393895982945,3.6234257640828567,408,0.0009913898619532,0,0,0,0,0,0,0,0,0,0,0,0,0,0,0,0,0,0.0,True
Q2M3C6,TMEM266,0.7708100913724842,0.7167368673225145,0.9126089189290157,1.0000000000000009,0.2124314439271879,3.6125873215512034,4551,0.0001157308486531,0,0,0,0,0,0,0,0,0,0,0,0,0,0,0,0,0,0.0,True
Q99726,SLC30A3,0.872880140271254,0.7375282895645776,0.9441526447198536,0.9951551992997587,0.21512493881551298,3.764841212670957,2587,0.0002019491258271,0,0,0,0,0,0,0,0,0,0,0,0,0,0,0,0,0,0.0,True
P32245,MC4R,0.9579133364353754,0.7946991489865765,0.9312265070968591,0.6752980422450667,0.23791451977409203,3.5970515545379698,20194,9.064588794121116e-07,0,0,0,0,0,0,0,0,0,0,0,0,0,0,0,0,0,0.0,True
Q7L8C5,SYT13,0.8484197297102972,0.9175591671784497,0.7538137485151202,0.8298728436903547,0.24068659686937977,3.590352085963602,843,0.0005467990726388,0,0,0,0,0,0,0,0,0,0,0,0,0,0,0,0,0,0.0,True
Q4W5P6,SMIM43,0.8900694890469262,0.8171016871724566,0.9906086652217423,0.0,0.8304238595352667,3.528203700976392,23000,0.0,0,0,0,0,0,0,0,0,0,0,0,0,0,0,0,0,0,0.0,True
Q9Y2T5,GPR52,0.8677925256612486,0.7239615558719765,0.9845068294585771,0.0,0.9489098132260236,3.5251707242178263,24811,4.323263021036454e-09,0,0,0,0,0,0,0,0,0,0,0,0,0,0,0,0,0,0.0,True
P46095,GPR6,0.9982520275102011,0.8378490267039378,0.9955086434365509,0.0,0.6673041847683975,3.4989138824190875,17362,3.574988291217347e-06,0,0,0,0,0,0,0,0,0,0,0,0,0,0,0,0,0,0.0,True
O75311,GLRA3,0.9777792634777183,0.8863719677735038,0.9643046988807463,0.0,0.6667207732080529,3.495176703340021,860,0.0005384626081579,0,0,0,0,0,0,0,0,0,0,0,0,0,0,0,0,0,0.0,True
Q86SP6,GPR149,0.9853247307799022,0.8918796778148941,0.9842747276643894,0.0,0.591772677839803,3.453251814098989,3150,0.0001674209056029,0,0,0,0,0,0,0,0,0,0,0,0,0,0,0,0,0,0.0,True
Q99680,GPR22,0.8869718320749362,0.8531849935326795,0.9488266955423121,0.0,0.7301679273317213,3.4191514484816494,725,0.0006255476299527,0,0,0,0,0,0,0,0,0,0,0,0,0,0,0,0,0,0.0,True
A4IF30,SLC35F4,0.9032193179368897,0.9157592346378836,0.9405734060709422,0.0,0.6433450553145728,3.4028970139602883,977,0.0004744118011004,0,0,0,0,0,0,0,0,0,0,0,0,0,0,0,0,0,0.0,True
Q969V1,MCHR2,0.998565597534933,0.8802082681108139,0.9881128683254861,0.0,0.5082998527181126,3.375186586689346,3993,0.0001331040101666,0,0,0,0,0,0,0,0,0,0,0,0,0,0,0,0,0,0.0,True
Q9BXU9,CALN1,0.9277294720584286,0.8109465623562839,0.8985513239156402,0.7843621223681575,0.17494942142426037,3.5965389021227705,372,0.0010575778861348,0,0,0,0,0,0,0,0,0,0,0,0,0,0,0,0,0,0.0,True
O95259,KCNH1,0.8614195492669907,0.8232273064206908,0.9296144638019141,0.9556722028780562,0.2753552047685477,3.8452887271361997,561,0.0007613984803192,0,0,0,0,0,0,0,0,0,0,0,0,0,0,0,0,0,0.0,True
P47898,HTR5A,0.9994847596675687,0.9312317791057559,0.990266972390742,0.7105375974781568,0.24091467980648362,3.8724357884487066,14077,1.2424713527167887e-05,0,0,0,0,0,0,0,0,0,0,0,0,0,0,0,0,0,0.0,True
Q9Y698,CACNG2,0.9950559856962131,0.889648855840143,0.9919585725770395,0.0,1.0000000000000004,3.876663414113396,445,0.0009294852996409,0,0,0,0,0,0,0,0,0,0,0,0,0,0,0,0,0,0.0,True
O75899,GABBR2,0.9531994776823912,0.8663808154713781,0.957292284742901,0.9931346114660943,0.9929477418578782,4.7629549312206425,102,0.00240423473145,0,0,0,0,0,0,0,0,0,0,0,0,0,0,0,0,0,0.0,True
Q16445,GABRA6,0.9999108765149107,0.7649361735488731,0.9979116111303552,1.0000000000000009,0.899052624780883,4.661811285975023,3361,0.0001578922468921,0,0,0,0,0,0,0,0,0,0,0,0,0,0,0,0,0,0.0,True
Q8NDV2,GPR26,0.8548748832617028,0.8565605017687157,0.9999999999999992,1.0000000000000009,0.9465585255188017,4.65799391054922,16246,5.7185215902341565e-06,0,0,0,0,0,0,0,0,0,0,0,0,0,0,0,0,0,0.0,True
P54829,PTPN5,0.8794555834474282,0.895192667234455,0.9295902257030915,0.9664526099318503,0.9593033009543442,4.629994387271169,425,0.0009612774160343,0,0,0,0,0,0,0,0,0,0,0,0,0,0,0,0,0,0.0,True
P47870,GABRB2,0.9382672255100666,0.8742985228958652,0.9082666975852753,1.0000000000000009,0.8893712053862627,4.6102036513774705,10,0.005822773410821,0,0,0,0,0,0,0,0,0,0,0,0,0,0,0,0,0,0.0,True
P0C2S0,CTXN2,0.9957573917708609,0.8551469061677177,0.973422897383993,0.7551953770548889,0.9654957354601169,4.545018307837577,18281,2.390312749632942e-06,0,0,0,0,0,0,0,0,0,0,0,0,0,0,0,0,0,0.0,True
Q16515,ASIC2,0.917215953145808,0.8923234758501485,0.9339856157653342,1.0000000000000009,0.7601595788984452,4.503684623659737,255,0.0014039250696743,0,0,0,0,0,0,0,0,0,0,0,0,0,0,0,0,0,0.0,True
B1AL88,FAM155A,0.8791635824156265,0.7016802531249378,0.8819190179575929,1.0000000000000009,0.9828818971690526,4.445644750667211,53,0.0031981926757618,0,0,0,0,0,0,0,0,0,0,0,0,0,0,0,0,0,0.0,True
Q09470,KCNA1,0.9509935332940314,0.7308857909267781,0.9612539760903743,1.0000000000000009,0.7675592170691136,4.410692517380298,7166,6.447516506500665e-05,0,0,0,0,0,0,0,0,0,0,0,0,0,0,0,0,0,0.0,True
Q12879,GRIN2A,0.9117977668155861,0.8853184213971854,0.9232286888816499,0.9878667355082421,0.6455165418125679,4.353728154415231,61,0.0030382566945208,0,0,0,0,0,0,0,0,0,0,0,0,0,0,0,0,0,0.0,True
Q99928,GABRG3,0.9341137015091701,0.9282814000643723,0.9009690165437214,0.8840351346574145,0.6441757265207128,4.291574979295391,23,0.0041647340597815,0,0,0,0,0,0,0,0,0,0,0,0,0,0,0,0,0,0.0,True
P39086,GRIK1,0.8784123926210993,0.8457502891957203,0.9165419408522687,0.5487608512558578,0.9972217228983327,4.186687196823279,313,0.0012235942716427,0,0,0,0,0,0,0,0,0,0,0,0,0,0,0,0,0,0.0,True
Q9H2B2,SYT4,0.9573370589929644,0.93374632398061,0.8915690030180536,1.0000000000000009,0.39825251882244744,4.180904904814076,510,0.0008257665403039,0,0,0,0,0,0,0,0,0,0,0,0,0,0,0,0,0,0.0,True
Q6ZSA7,LRRC55,0.8612024295090392,0.7862678375317964,0.88971886352255,0.6578574703673608,0.9611456249593165,4.156192225890063,13549,1.4684308162681385e-05,0,0,0,0,0,0,0,0,0,0,0,0,0,0,0,0,0,0.0,True
P41145,OPRK1,0.9647788628379148,0.95507051879897,0.9709987477741473,0.9807692307692316,0.20301632119580262,4.074633681376066,9513,3.955860841601963e-05,0,0,0,0,0,0,0,0,0,0,0,0,0,0,0,0,0,0.0,True
Q8TBG9,SYNPR,0.9896693282080349,0.9182981954718821,0.9608997576573103,1.0000000000000009,0.197762380081751,4.066629661418979,131,0.0020438877098088,0,0,0,0,0,0,0,0,0,0,0,0,0,0,0,0,0,0.0,True
Q32ZL2,PLPPR5,0.9882448158427708,0.8375108447133639,0.9670444773736822,1.0000000000000009,0.22378952108372857,4.016589659013546,832,0.0005522209716224,0,0,0,0,0,0,0,0,0,0,0,0,0,0,0,0,0,0.0,True
P48547,KCNC1,0.975533211427018,0.8948255111856145,0.9362492145156813,0.9878667355082421,0.20292512493735215,3.997399797573908,1721,0.0002910417446346,0,0,0,0,0,0,0,0,0,0,0,0,0,0,0,0,0,0.0,True
P48664,SLC1A6,0.9668768533041743,0.7375282895645776,0.9230149485029681,0.9523445568467469,0.35754026117320803,3.937304909391675,4650,0.0001129107731927,0,0,0,0,0,0,0,0,0,0,0,0,0,0,0,0,0,0.0,True
Q8NBT3,TMEM145,0.9094540152729844,0.8419554154715942,0.8396648463776328,0.9811932376796423,0.32980870312144495,3.9020762179232986,2720,0.0001931693982332,0,0,0,0,0,0,0,0,0,0,0,0,0,0,0,0,0,0.0,True
Q8N2C7,UNC80,0.93379679280832,0.8104282818986467,0.9448864607582597,1.0000000000000009,0.18968864582165904,3.8788001812868864,517,0.0008187348288374,0,0,0,0,0,0,0,0,0,0,0,0,0,0,0,0,0,0.0,True
Q96EP9,SLC10A4,0.7118541687832018,0.9161554114335051,0.9560626498412782,0.0,0.7828553080998412,3.3669275381578263,8876,4.539431474392789e-05,0,0,0,0,0,0,0,0,0,0,0,0,0,0,0,0,0,0.0,True
Q6PI25,CNIH2,0.8495064603680179,0.7662947692260682,0.9431011185761202,0.0,0.7523236322486143,3.3112259804188207,2516,0.0002067981539746,0,0,0,0,0,0,0,0,0,0,0,0,0,0,0,0,0,0.0,True
O60359,CACNG3,0.9989914161600093,0.8846455641043544,0.9836961442341883,0.9917177584985895,0.969899176271191,4.828950059268332,199,0.001619024512276,0,0,0,0,0,0,0,0,0,0,0,0,0,0,0,0,0,0.0,True
O43749,OR1F1,0.9951342038269064,0.7972139492682657,0.9911293661188294,0.0,0.12460519901195445,2.908082718225956,23000,0.0,0,0,0,0,0,0,0,0,0,0,0,0,0,0,0,0,0,0.0,True
Q96JJ6,JPH4,0.7593874969270731,0.7028617221377025,0.8054428305385279,0.0,0.4749673073470419,2.7426593569503455,228,0.0014940874475531,0,0,0,0,0,0,0,0,0,0,0,0,0,0,0,0,0,0.0,True
A6NNN8,SLC38A8,0.9778981640749966,0.7167368673225145,0.9721190109092169,0.0,0.25005850894277,2.916812551249498,14928,9.28694872668186e-06,0,0,0,0,0,0,0,0,0,0,0,0,0,0,0,0,0,0.0,True
Q8IW70,TMEM151B,0.9635933293220982,0.734751820604058,0.958875410175411,0.0,0.3457282068894023,3.0029487669909694,10473,3.2234223791028755e-05,0,0,0,0,0,0,0,0,0,0,0,0,0,0,0,0,0,0.0,True
P31644,GABRA5,0.9693305769254124,0.9159459380362387,0.9658779176919094,0.0,0.10637736734311236,2.957531799996673,1847,0.0002748874165633,0,0,0,0,0,0,0,0,0,0,0,0,0,0,0,0,0,0.0,True
Q9BZA8,PCDH11Y,0.9137487634210799,0.8568886291098166,0.9765786777684373,0.0,0.2897943997973322,3.037010470096666,1688,0.0002970469623352,0,0,0,0,0,0,0,0,0,0,0,0,0,0,0,0,0,0.0,True
P35498,SCN1A,0.9743056350906982,0.8440892486776698,0.9704155620721473,0.0,0.48095910034430334,3.269769546184819,159,0.0018387417499444,0,0,0,0,0,0,0,0,0,0,0,0,0,0,0,0,0,0.0,True
P18507,GABRG2,0.9957610672228883,0.9023101667600323,0.8289652806258189,0.0,0.3238542619007346,3.050890776509474,119,0.0021797071481159,0,0,0,0,0,0,0,0,0,0,0,0,0,0,0,0,0,0.0,True
Q5HYL7,TMEM196,0.9598737682656511,0.8812999595228992,0.9335074413293438,0.0,0.0,2.774681169117894,2011,0.0002549315333407,0,0,0,0,0,0,0,0,0,0,0,0,0,0,0,0,0,0.0,True
A6NDD5,SYNDIG1L,0.9276997270398796,0.8203823870788252,0.9643413403160344,0.0,0.0,2.712423454434739,7474,6.019532611075751e-05,0,0,0,0,0,0,0,0,0,0,0,0,0,0,0,0,0,0.0,True
Q9GZN0,GPR88,0.8691446627918373,0.7649361735488731,0.9230584513915076,0.0,0.44932745240657357,3.0064667401387917,11422,2.611739906604936e-05,0,0,0,0,0,0,0,0,0,0,0,0,0,0,0,0,0,0.0,True
Q6PIU1,KCNV1,0.979669576653426,0.8867101772645629,0.9113357992241004,0.0,0.10231349890365671,2.880029052045746,4786,0.0001094201831484,0,0,0,0,0,0,0,0,0,0,0,0,0,0,0,0,0,0.0,True
P48051,KCNJ6,0.983626651012091,0.9306694254988607,0.9786604160013285,0.0,0.2570373135778903,3.1499938060901704,180,0.0017151349755393,0,0,0,0,0,0,0,0,0,0,0,0,0,0,0,0,0,0.0,True
Q8N4F7,RNF175,0.7397813042743661,0.7452631963608302,0.8140358564451289,0.0,0.29228442596046755,2.5913647830407927,1221,0.0003928436799936,0,0,0,0,0,0,0,0,0,0,0,0,0,0,0,0,0,0.0,True
Q8IY50,SLC35F3,0.8552366326452305,0.8431234052000564,0.8843672608383154,0.0,0.0,2.5827272986836025,108,0.002325514734636,0,0,0,0,0,0,0,0,0,0,0,0,0,0,0,0,0,0.0,True
Q8WXH2,JPH3,0.9443722471850409,0.8057018695467604,0.9834278250959481,0.0,0.462415632911754,3.1959175747395037,2341,0.0002211535624925,0,0,0,0,0,0,0,0,0,0,0,0,0,0,0,0,0,0.0,True
Q86VH5,LRRTM3,0.9573822466062429,0.7284143020080225,0.9392796384575035,0.0,0.22437718958374397,2.8494533766555126,194,0.0016489831776665,0,0,0,0,0,0,0,0,0,0,0,0,0,0,0,0,0,0.0,True
Q8N3F9,GPR137C,0.8058862193147268,0.8100938405330136,0.8449936472469088,0.0,0.7351419070336078,3.1961156141282574,1280,0.0003770040285855,0,0,0,0,0,0,0,0,0,0,0,0,0,0,0,0,0,0.0,True
P21728,DRD1,0.8700652706681291,0.8426863286582823,0.9358410363702075,0.0,0.30022025941904057,2.9488128951156596,7602,5.860186781727495e-05,0,0,0,0,0,0,0,0,0,0,0,0,0,0,0,0,0,0.0,True
Q8N966,ZDHHC22,0.979558412640176,0.7183857238847116,0.9897405896298287,0.0,0.18244991097687346,2.87013463713159,5189,9.89613995518955e-05,0,0,0,0,0,0,0,0,0,0,0,0,0,0,0,0,0,0.0,True
O60320,FAM189A1,0.7771513909014556,0.7972139492682657,0.9286950171379316,0.0,0.3593506778857928,2.8624110351934458,395,0.0010144771237499,0,0,0,0,0,0,0,0,0,0,0,0,0,0,0,0,0,0.0,True
A8MXK1,VSTM5,0.7109374097347694,0.767736158651692,0.8128519746568976,0.6958543123898725,0.15969330066789406,3.147073156101125,11759,2.402362355750444e-05,0,0,0,0,0,0,0,0,0,0,0,0,0,0,0,0,0,0.0,True
Q8TBB6,SLC7A14,0.9685923541201416,0.8746642659667149,0.9484066834644236,0.0,0.1254511815762083,2.917114485127488,925,0.0004977501670784,0,0,0,0,0,0,0,0,0,0,0,0,0,0,0,0,0,0.0,True
P41594,GRM5,0.9882023850636135,0.8209340810445893,0.9934649831405005,0.0,0.1509644513907709,2.9535659006394743,179,0.0017162332693063,0,0,0,0,0,0,0,0,1,0,0,0,0,0,0,0,0,1.0,True
Q9NRU3,CNNM1,0.7382640381479422,0.908030320774164,0.8658054102985318,0.8807806993729768,0.43883236326140435,3.8317128318550187,3009,0.0001741807455353,0,0,0,0,0,0,0,0,0,0,0,0,0,0,0,1,0,1.0,True
Q9P2U7,SLC17A7,0.8125404201445684,0.7789771688516594,0.9214475970203688,0.9870925434332463,0.279703406310526,3.779761135760369,994,0.0004668503848977,0,0,0,0,0,0,0,0,0,0,0,0,0,0,0,0,1,1.0,True
Q14831,GRM7,0.9076269572913969,0.8347830924669282,0.8567572309290478,0.0,0.33837509068882443,2.9375423713761974,310,0.001229623928895,1,0,0,0,0,0,0,0,0,0,0,0,0,0,0,0,0,1.0,True
P42261,GRIA1,0.8701081603940105,0.843200184870023,0.9503048214073236,0.9671247828586267,0.3210637638905256,3.951801713420509,42,0.0034263811964594,0,0,0,0,0,0,0,0,1,0,0,0,0,0,0,0,0,1.0,True
Q86UE6,LRRTM1,0.8642808056362807,0.8112759871394791,0.9001398690102774,1.0000000000000009,0.2844179210454975,3.8601145828315357,4547,0.0001159195378424,0,0,0,0,0,0,1,0,0,0,0,0,0,0,0,0,0,1.0,True
Q86V35,CABP7,0.826483134886523,0.8203823870788252,0.9576438934255682,0.0,0.2185259908094512,2.8230354062003675,14350,1.1316298563121308e-05,0,0,0,0,0,0,0,0,1,0,0,0,0,0,0,0,0,1.0,True
Q86SQ6,ADGRA1,0.9786061881611674,0.7816995294580367,0.9633741672673041,0.9887507211399786,0.2128246779557477,3.925255283982235,4292,0.0001229292511912,0,1,0,0,0,0,0,0,0,0,0,0,0,0,0,0,0,1.0,True
Q8IZT8,HS3ST5,0.9410536549385137,0.7470594621636439,0.9118333749492771,1.0000000000000009,0.6354379439375072,4.2353844359889425,1496,0.0003300862039499,0,0,0,0,0,0,0,0,0,0,1,0,0,0,0,0,0,1.0,True
Q9H598,SLC32A1,0.9959181054478263,0.9482164576956336,0.99866214615335,0.987866735508242,0.11550935406502928,4.0461727988700815,3422,0.0001550142462523,1,0,0,0,0,0,0,0,0,0,0,0,0,0,0,0,0,1.0,True
Q7L1I2,SV2B,0.87070352140373,0.8651127955943758,0.9155065515842156,1.0000000000000009,0.7607435613362009,4.412066429918523,384,0.0010452999374153,0,0,0,0,0,0,1,0,0,0,0,0,0,0,0,0,0,1.0,True
Q13224,GRIN2B,0.9857924201470462,0.9174392163642058,0.9930341726259747,1.0000000000000009,0.2249390933913346,4.121204902528562,5,0.0065723988358597,0,0,0,0,0,0,0,0,1,0,0,0,0,0,0,0,0,1.0,True
Q496J9,SV2C,0.9482322229471065,0.9434830177031678,0.9488282430513395,0.9930961046919783,0.2910169530112928,4.124656541404885,2020,0.0002534147153152,0,0,0,0,0,0,1,0,0,0,0,0,0,0,0,0,0,1.0,True
Q8N4V2,SVOP,0.978927286202517,0.9295580522889703,0.955434644023621,0.0,0.20479093136885504,3.0687109138839634,765,0.0005990541388918,1,0,0,0,0,0,0,0,0,0,0,0,0,0,0,0,0,1.0,True
P47775,GPR12,0.93335291755216,0.9080763914773464,0.9541755905116,0.0,0.8959098224594246,3.691514722000531,2824,0.0001853095853891,0,0,0,0,0,0,1,0,0,0,0,0,0,0,0,0,0,1.0,True
P28472,GABRB3,0.8190172977482242,0.7456741491080262,0.7254431538574422,0.0,0.6864722828994564,2.976606883613149,181,0.0017014540697027,1,0,0,0,0,0,0,0,0,0,0,0,0,0,0,0,0,1.0,True
Q9P1W3,TMEM63C,0.7825865925456947,0.7222550432873063,0.7931388624201404,0.0,0.6874552329003908,2.9854357311535322,5008,0.0001034469939565,0,0,0,0,0,0,1,0,0,0,0,0,0,0,0,0,0,1.0,True
P17787,CHRNB2,0.9552080853066843,0.8015919118655159,0.9692388541146262,0.0,0.8656568665667849,3.5916957178536117,11976,2.2761068664297756e-05,1,0,0,0,0,0,0,0,0,0,0,0,0,0,0,0,0,1.0,True
Q9BYT9,ANO3,0.9114472964383773,0.7404020810410201,0.9212708055774352,0.8603376614860709,0.28235767728262096,3.7158155218255247,446,0.0009285864098149,0,0,0,0,0,0,0,0,0,0,0,0,0,0,0,1,0,1.0,True
Q9UQD0,SCN8A,0.8329576494575806,0.8775693595624938,0.8971879763831654,0.0,0.4245951913006472,3.032310176703887,764,0.0005993073378188,0,0,0,0,0,0,0,0,0,0,0,0,0,0,0,0,1,1.0,True
Q08828,ADCY1,0.7236317673361112,0.7656692398145439,0.7834538111653249,0.0,0.4107509314674182,2.6835057497833983,317,0.0012072463423537,0,0,0,0,0,0,1,0,0,0,0,0,0,0,0,0,0,1.0,True
Q7Z407,CSMD3,0.9396546964121137,0.7824173192129362,0.9837541414977602,0.0,0.9292435630706041,3.635069720193414,50,0.0032541940806263,0,0,0,0,0,0,1,0,0,0,0,0,0,0,0,0,0,1.0,True
O95803,NDST3,0.9401414290737075,0.8015409723677169,0.9088785780010027,1.0000000000000009,0.9528171337229348,4.603378113165363,644,0.0006954537976255,0,0,0,0,0,0,0,0,0,0,0,0,0,0,0,1,0,1.0,True
Q13002,GRIK2,0.8565901804071061,0.7764327045614726,0.8780050811201618,0.3445712495967354,0.7554731938237554,3.611072409509232,3,0.0076446435424075,0,0,1,0,0,0,0,0,0,0,0,0,0,0,0,0,0,1.0,True
Q9Y5I3,PCDHA1,0.9256562568475211,0.9194901152344596,0.9784048782364667,1.0000000000000009,0.8218997345659813,4.645450984884429,19840,1.1133742082571836e-06,0,0,0,0,0,0,0,0,0,0,1,0,0,0,0,0,0,1.0,True
Q9P2U8,SLC17A6,0.9977458146092975,0.891132400578461,0.98038629529432,0.9627973878673358,0.7355989083241891,4.567660806673603,1650,0.0003030258802457,0,0,0,0,0,1,0,0,0,0,0,0,0,0,0,0,0,1.0,True
Q9UM73,ALK,0.8289722251945214,0.8358302151234481,0.9525139407690273,0.8516385233017685,0.15428712387339344,3.6232420282621587,664,0.0006774381022147,0,0,0,0,0,0,0,0,1,0,0,0,0,0,0,0,0,1.0,True
Q9ULB4,CDH9,0.9817756863013709,0.942821094536085,0.8204034603487883,0.8868498544555601,0.3772481237847231,4.0090982194265266,728,0.000622017040366,0,0,0,0,0,0,1,0,1,0,0,0,0,0,0,0,0,2.0,True
Q8IZU9,KIRREL3,0.8695106336625308,0.7545707438841022,0.9076184036059075,0.8980413747490819,0.27718922691980213,3.706930382821424,9,0.0059880672263238,0,0,0,0,0,0,1,0,1,0,0,0,0,0,0,0,0,2.0,True
Q96PZ7,CSMD1,0.9504020513172703,0.7985640818945795,0.9586351870803763,0.0,0.6417408292882629,3.349342149580489,46,0.003339783748995,0,0,0,0,0,0,1,0,0,0,1,0,0,0,0,0,0,2.0,True
Q9ULB5,CDH7,0.988955199173577,0.9375447815483342,0.9780180381353457,1.0000000000000009,0.23748812997222238,4.142006148829481,834,0.0005514914806181,0,0,0,0,0,0,1,0,1,0,0,0,0,0,0,0,0,2.0,True
Q9NTI2,ATP8A2,0.9185952717322868,0.8597448242171747,0.9161430934283314,0.8379275600203144,0.5221807373972144,4.054591486795322,262,0.0013758399416797,0,0,1,0,0,1,0,0,0,0,0,0,0,0,0,0,0,2.0,True
Q99250,SCN2A,0.944761713645444,0.8517574391100426,0.9377677693027002,0.986430012377768,0.3579718189033638,4.0786887533393195,51,0.0032298169402766,0,0,0,0,0,0,0,0,1,0,0,0,0,0,0,0,1,2.0,True
P42263,GRIA3,0.7757349594063851,0.7653866134409959,0.7893644856350458,0.9736717260302211,0.8297676872160124,4.13392547172866,253,0.001404429625293,0,0,0,0,0,0,1,0,1,0,0,0,0,0,0,0,0,2.0,True
B4DS77,SHISA9,0.8478436159271086,0.8198094304233725,0.7921642758884926,0.0,0.18065788530723298,2.6404752075462063,47,0.003332898842109,0,0,0,0,0,0,0,0,1,0,0,0,0,0,0,0,1,2.0,True
Q8TBE3,FNDC9,0.9516478987142544,0.8446108280778762,0.964680794872611,0.0,0.6122019708562548,3.3731414925209964,12456,2.004952072215736e-05,0,0,0,0,0,0,0,0,1,1,0,0,0,0,0,0,0,2.0,True
Q5TF21,SOGA3,0.7203758380818188,0.7267992030549292,0.8657966842509306,0.0,0.21215718208088444,2.525128907468563,3770,0.0001399516327609,0,0,0,0,0,1,0,0,0,0,0,0,0,0,0,0,1,2.0,True
Q2TBF2,WSCD2,0.7608514638116592,0.9130370510004688,0.8321961306264192,0.8651544564801754,0.9891864997373931,4.360425601656116,1045,0.0004470629840139,0,0,0,0,0,0,0,0,1,0,1,0,0,0,0,0,0,2.0,True
Q6U841,SLC4A10,0.971163027918635,0.8511195715476552,0.9482738594224964,0.7832959569920667,0.813322932598379,4.367175348479233,38,0.0035197003726579,0,0,1,0,0,0,0,0,1,0,0,0,0,0,0,0,0,2.0,True
Q8N967,LRTM2,0.9940937490484119,0.7649361735488731,0.9999999999999992,0.0,0.0,2.7590299225972843,4921,0.0001056668685842,0,0,0,0,0,0,1,0,1,0,0,0,0,0,0,0,0,2.0,True
Q8WXS5,CACNG8,0.9576559998421421,0.8904308268190912,0.9749481116743016,1.0000000000000009,0.6910708105910969,4.5141057489266325,302,0.0012617084288925,0,0,0,0,0,0,0,0,1,0,0,0,0,0,0,0,1,2.0,True
Q15878,CACNA1E,0.9323593978016373,0.8989984493310736,0.9601088548100642,0.0,0.20291188894778628,2.9943785908905616,250,0.0014137605964132,0,0,0,0,0,0,1,0,0,0,0,0,0,0,0,0,1,2.0,True
P14867,GABRA1,0.997691197433427,0.9138126203974877,0.9645239104740063,1.0000000000000009,0.5467204997083774,4.422748228013299,309,0.0012305586710583,0,0,0,0,0,0,0,0,1,0,0,0,0,0,0,0,1,2.0,True
Q9H1V8,SLC6A17,0.9195700373059134,0.8019527512462099,0.9073812425191751,1.0000000000000009,0.882620681183477,4.511524712254777,2066,0.0002482846887233,1,1,0,0,0,0,0,0,0,0,0,0,0,0,0,0,0,2.0,True
Q7Z2D5,PLPPR4,0.772706539120262,0.7221499708023913,0.8560243097859229,0.0,0.3324756603672285,2.6833564800758047,426,0.0009605954244864,0,1,0,0,0,0,0,0,1,0,0,0,0,0,0,0,0,2.0,True
Q9UJQ1,LAMP5,0.8230558414882369,0.7916275542896,0.7730728506460481,1.0000000000000009,0.8416963182959998,4.229452564719885,1298,0.0003733652724229,0,0,0,0,0,0,1,0,1,0,1,0,0,0,0,0,0,3.0,True
P55286,CDH8,0.9494117619381355,0.8593274320090836,0.9172804585541369,1.0000000000000009,0.5097917613394636,4.23581141384082,205,0.0016006712257542,0,0,0,1,0,0,1,0,1,0,0,0,0,0,0,0,0,3.0,True
Q8TDF5,NETO1,0.8964220813127295,0.8498423454989943,0.9495037492336521,0.0,0.1502727110130354,2.846040887058411,347,0.0011142243286517,0,0,0,0,0,0,1,0,1,0,1,0,0,0,0,0,0,3.0,True
Q6NUJ2,C11orf87,0.9811117328288061,0.9268099908164421,0.9764075050443415,1.0000000000000009,0.8146249134928185,4.698954142182409,2085,0.0002455154520842,0,1,0,0,0,0,0,0,1,0,1,0,0,0,0,0,0,3.0,True
Q9NY72,SCN3B,0.7291783020445387,0.8112384068902827,0.8420372058469565,0.0,0.1764950838555005,2.5589489986372786,107,0.0023261204871664,0,0,0,1,0,0,1,0,1,0,0,0,0,0,0,0,0,3.0,True
Q13255,GRM1,0.9766991255192339,0.852505338030187,0.9765792342265144,1.0000000000000009,0.4806135487979568,4.286397246573893,206,0.0016001381597649,0,0,0,0,0,0,1,0,1,0,0,0,0,0,0,0,1,3.0,True
Q9Y5F7,PCDHGC4,0.8200007422831843,0.9698098932246569,0.9455551024977608,0.0,0.5465680827176359,3.281933820723238,22776,1.658079359199077e-07,0,0,0,0,0,0,1,0,1,0,0,0,0,0,0,1,0,3.0,True
Q9NY46,SCN3A,0.7496209209961027,0.8072206918791015,0.826603378716801,0.810837618800521,0.7990430568889723,3.9933256672814985,503,0.0008428414697331,0,0,1,0,0,1,0,0,0,1,0,0,0,0,0,0,0,3.0,True
Q9NYQ7,CELSR3,0.7694330275814855,0.8444898312056253,0.9091657792152584,1.0000000000000009,0.1292853432902851,3.652373981292655,10268,3.369882910142893e-05,0,0,1,0,0,1,0,0,1,0,0,0,0,0,0,0,0,3.0,True
P28335,HTR2C,0.9907824079257648,0.9324514105515078,0.9914567514577639,0.0,0.8968231633401662,3.8115137332752025,1586,0.0003143350323616,0,0,0,0,0,0,0,0,0,0,0,1,0,1,0,0,1,3.0,True
A7MBM2,DISP2,0.904236280892794,0.779411624199602,0.9067927202180749,0.0,0.40935199765855035,2.999792622969021,3618,0.0001467209844339,0,0,1,0,0,0,1,0,0,0,0,0,0,0,0,0,1,3.0,True
Q6UXZ4,UNC5D,0.8662865236210857,0.836602962254791,0.8796149140723813,0.0,0.34559559848782184,2.92809999843608,110,0.002309250499706,0,0,0,0,0,0,1,0,1,1,0,0,0,0,0,0,0,3.0,True
O94991,SLITRK5,0.8361165641145056,0.7988030846042496,0.8874110600472689,0.0,0.46268099695438053,2.9850117057204044,675,0.0006616496640744,0,0,0,0,0,0,1,0,1,0,1,0,0,0,1,0,0,4.0,True
O14522,PTPRT,0.91117130790592,0.9035816912222144,0.8812674306317309,0.7372769606712246,0.3322092683144766,3.7655066587455663,443,0.0009326395419482,1,0,0,0,0,0,1,1,1,0,0,0,0,0,0,0,0,4.0,True
P08247,SYP,0.7569162359180334,0.8205472493573139,0.783063749548741,0.8777195875522792,0.856613245193152,4.0948600675695195,377,0.0010538500920109,0,0,1,0,0,1,0,0,1,0,0,0,0,0,0,0,1,4.0,True
Q8N3G9,TMEM130,0.8440078552747288,0.8195413687158641,0.8085829434239568,0.0,0.6350129144126239,3.1071450818271735,684,0.0006494299202375,0,0,0,1,0,0,1,0,1,0,0,0,0,0,0,0,1,4.0,True
O00222,GRM8,0.857319323138293,0.7298893847105974,0.9307375666025695,0.0,0.6506197785799632,3.168566053031423,635,0.0007059029305534,1,0,0,0,0,0,0,1,0,0,0,1,0,0,0,0,1,4.0,True
Q8N9I0,SYT2,0.8299326288682599,0.8060863470977798,0.9527517138488518,1.0000000000000009,0.28426635586568993,3.8730370456805825,6543,7.318046148211024e-05,0,0,1,0,0,1,1,0,1,0,0,0,0,0,0,0,0,4.0,True
Q15256,PTPRR,0.866182493284222,0.9091239115271077,0.8408560221697947,0.8191151760325596,0.5538739710242219,3.9891515740379058,209,0.0015801298018719,0,1,0,0,0,0,1,0,1,0,1,0,0,0,0,0,0,4.0,True
Q00975,CACNA1B,0.9515336115044144,0.8819635835415232,0.921616912351134,0.7464811317142144,0.500504404794725,4.002099643906011,173,0.0017734461570435,0,0,0,0,0,0,1,1,1,0,0,0,0,0,0,0,1,4.0,True
Q9UPR5,SLC8A2,0.8647318577926624,0.8434156971283564,0.9105015259606444,1.0000000000000009,0.2743351057961071,3.8929841866777712,923,0.0004997102802091,0,0,0,0,0,1,1,0,1,1,0,0,0,0,0,0,0,4.0,True
Q9H2X9,SLC12A5,0.9687514454337056,0.9216610692723163,0.8541243172805357,1.0000000000000009,0.2846681747659421,4.0292050067525,884,0.0005242869416227,1,0,0,0,0,0,1,0,1,0,0,0,0,0,0,0,1,4.0,True
Q9UPU3,SORCS3,0.9211294602522496,0.8297012344847914,0.9470564612366331,0.0,0.23554016024415853,2.933427316217833,680,0.0006548084297721,0,1,0,0,0,0,1,0,1,0,1,0,0,0,0,0,1,5.0,True
P13637,ATP1A3,0.8999819412700633,0.7515972270161432,0.9046458877238721,0.9773317899680624,0.8502187435076002,4.383775589485741,780,0.0005899216603014,0,0,0,1,0,1,0,0,1,0,0,0,0,0,0,1,1,5.0,True
O95206,PCDH8,0.9686350801930774,0.9308604316256087,0.9962695688221541,0.0,0.9644633466795162,3.860228427320356,8271,5.119579999442483e-05,0,0,0,0,0,0,1,0,1,1,1,0,0,0,0,0,1,5.0,True
Q00973,B4GALNT1,0.7383469471782332,0.8385276091499281,0.8030977029500588,0.971961559360561,0.22540123193098063,3.577335050569762,2032,0.000251879575084,0,0,0,1,0,0,1,0,1,0,0,0,0,0,1,0,1,5.0,True
O60939,SCN2B,0.8617506060549186,0.7642257986924192,0.8038785236534935,0.0,0.8045764554248873,3.2344313838257186,1886,0.0002698648045797,0,0,0,0,0,0,1,0,1,1,1,0,0,0,0,0,1,5.0,True
Q9NYX4,CALY,0.9335840845749229,0.7972139492682657,0.9240347060875418,1.0000000000000009,0.8430131802979625,4.497845920228694,204,0.001608106225648,0,1,0,0,0,0,1,0,1,0,1,0,0,0,0,0,1,5.0,True
Q8WYK1,CNTNAP5,0.9824883984716377,0.7863651640056867,0.9869765398568416,0.0,0.15878705242906846,2.9146171547632345,213,0.0015659834320036,0,0,0,0,0,1,1,1,1,1,1,0,0,0,0,0,0,6.0,True
Q6ZVL6,KIAA1549L,0.9086321766372941,0.850010059830905,0.9291941792045213,0.0,0.16723344332489742,2.8550698589976182,303,0.0012493753793743,0,1,0,1,0,0,1,0,1,0,1,0,0,0,0,0,1,6.0,True
O60741,HCN1,0.9663636237498365,0.9163713647226587,0.9686169851123466,0.9303630209835914,0.9082277004460371,4.68994269501447,331,0.0011517811280487,0,1,0,0,0,0,1,1,1,1,0,0,0,0,0,0,1,6.0,True
O15466,ST8SIA5,0.9233872933760298,0.8477012129110726,0.9345180136269449,0.9923795137327183,0.31029587619020627,4.008281909836972,1853,0.0002739995866152,0,0,0,1,0,0,1,0,1,1,0,0,0,0,1,0,1,6.0,True
P21579,SYT1,0.8456848724281634,0.8508625169312374,0.8525698884638806,0.9871208786944055,0.08908106493650797,3.6253192214541947,13,0.0055509915889778,0,0,1,0,0,1,1,0,1,0,0,0,0,0,1,0,1,6.0,True
P54756,EPHA5,0.8306594275555217,0.9209489566867556,0.9307128000055135,0.0,0.645247101381143,3.3275682856289337,261,0.0013789154318517,0,0,0,1,0,1,1,1,1,1,0,0,0,0,0,0,1,7.0,True
Q14C87,TMEM132D,0.9572214215026064,0.7802666622575714,0.9757390326846366,1.0000000000000009,0.894130755380965,4.60735787182578,214,0.001561338630133,0,1,0,1,0,0,1,0,1,0,1,0,0,0,1,0,1,7.0,True
Q13634,CDH18,0.9900654868981034,0.8531522427405638,0.9766793778233915,1.0000000000000009,0.23380343237420614,4.0537005398362655,52,0.0032058577170706,0,1,0,0,0,0,1,0,1,1,1,0,0,0,0,1,1,7.0,True
Q9UHC6,CNTNAP2,0.9275583292735092,0.7097120242980642,0.9250406689132452,1.0000000000000009,0.2891110407075033,3.851422063192323,12,0.0055804824476266,0,0,0,0,0,1,1,0,1,0,1,0,0,1,1,0,1,7.0,True
Q9P0K9,FRRS1L,0.849614993470392,0.8223404075320291,0.8096350991822364,0.9618549817133641,0.7855864171820488,4.22903189908007,266,0.0013604447895673,0,1,0,0,0,0,1,1,1,1,1,0,0,0,0,0,1,7.0,True
Q5T848,GPR158,0.9726863963812054,0.9193207043428354,0.9788744514362722,1.0000000000000009,0.3041378496172397,4.175019401777553,120,0.0021696142798412,0,1,0,0,0,0,1,1,1,1,1,0,0,0,0,0,1,7.0,True
Q01814,ATP2B2,0.8927299046329066,0.7179816220431867,0.886263054277181,0.9952951818823427,0.9658080984875419,4.458077861323159,219,0.0015410721416818,0,0,1,0,0,1,1,0,1,0,0,1,0,0,1,1,1,8.0,True
P48058,GRIA4,0.9262536516435761,0.7565580456642138,0.9026548816640088,0.0,0.5533929451964872,3.1388595241682857,64,0.0029546428364564,0,1,0,0,0,0,1,1,1,0,1,1,0,0,1,0,1,8.0,True
O43173,ST8SIA3,0.9857896707734908,0.8683361344446611,0.9509440199478782,0.9949642402472525,0.21837763732016457,4.018411702733448,565,0.0007606755540869,0,1,0,0,0,0,1,1,1,1,1,0,0,0,1,0,1,8.0,True
Q9Y5I4,PCDHAC2,0.8273036933038607,0.742322539360791,0.8822891383552219,0.0,0.55876307398397,3.0106784450038435,21219,4.976129920177581e-07,1,1,0,1,0,0,1,0,1,0,1,1,0,0,1,0,1,9.0,True
P43146,DCC,0.9276874238096302,0.7343842738482425,0.9242772040307506,0.9465930131296839,0.8745368743817847,4.407478789200092,184,0.0016880814691219,0,0,0,1,0,1,1,1,1,1,1,0,0,0,1,0,1,9.0,True
Q8IZP7,HS6ST3,0.7500967180378302,0.8274518184910764,0.816773923958273,0.0,0.9969695449651611,3.3912920054523408,97,0.0024465792521628,0,1,0,1,0,0,1,0,1,1,1,1,0,0,1,0,1,9.0,True
Q16720,ATP2B3,0.940269816269382,0.9174662908263732,0.9700803605335824,1.0000000000000009,0.47840582644490853,4.306222294074247,3380,0.0001568327649152,0,1,1,0,0,1,0,0,0,0,1,1,1,1,1,1,1,10.0,True
Q53EL9,SEZ6,0.9747973894711837,0.8679648775982778,0.946521826854453,0.9574864466733541,0.8100943118367102,4.5568648524339785,2550,0.0002039929343897,0,1,0,1,0,0,1,1,1,1,1,1,0,0,1,0,1,10.0,True
Q9Y4C0,NRXN3,0.765220302324165,0.8057892473343723,0.7527530587485256,1.0000000000000009,0.468306445386449,3.792069053793513,2,0.0095461243419903,0,1,0,1,0,0,1,1,1,0,1,1,0,1,1,0,1,10.0,True
