Number,Gene Name
1,LYSMD4
2,ZDHHC14
3,OR11H4
4,NRG1
5,OXGR1
6,C19orf18
7,SLC9A6
8,TSPAN31
9,SLC35D2
10,SMIM7
11,APLP2
12,DRD3
13,UPK2
14,HFE
15,FADS2
16,TSPAN14
17,SIDT2
18,PEX13
19,OXER1
20,TAS2R5
21,PAPPA-AS1
22,ABCD1
23,CTXN2
24,SYT6
25,YME1L1
26,AUP1
27,STX8
28,LFNG
29,ATP6AP1L
30,MBOAT2
31,ERVFC1
32,SLC2A3
33,LRRC26
34,SPPL2B
35,OR1A1
36,HSD17B2
37,NLGN2
38,TIMM23
39,OR13H1
40,TMPRSS11E
41,TRA
42,TMEM47
43,CLEC7A
44,GPR182
45,ADGRF3
46,MTLN
47,OR5AR1
48,TGFBR1
49,HS3ST3B1
50,HTRA2
51,OR8A1
52,OR10G4
53,MUC4
54,ADAM7
55,UNC93B1
56,ATP10A
57,PIP4P1
58,FAM234B
59,SLC34A3
60,SLCO2A1
61,CDH19
62,OR10A6
63,SYNGR2
64,OR2A2
65,TMBIM4
66,CANX
67,JAM2
68,SLC12A1
69,SLC29A3
70,SLC9B1P1
71,EPHA3
72,B3GALNT1
73,NKAIN4
74,FAM174B
75,C16orf54
76,GABRD
77,PTPRG
78,TAFAZZIN
79,P2RY4
80,ACVR1
81,CBARP
82,NSG2
83,TAAR5
84,PKD2L2
85,CALHM6
86,GALNT11
87,VSTM5
88,CSMD2
89,VIPR2
90,CERS2
91,ITGA2
92,GPR180
93,NOTCH1
94,NRXN1
95,IL20RB
96,SMIM35
97,UNC79
98,SLC25A23
99,CHRM1
100,MCHR1
101,OR1J1
102,VIPR1
103,KCNE3
104,CD300A
105,ZDHHC21
106,IER3
107,GPR26
108,KREMEN1
109,CD300H
110,FCGR1A
111,NECTIN4
112,FRMD3
113,P61570
114,GPRC5C
115,KCNK4
116,DRD4
117,MTX1
118,THBD
119,SLC5A6
120,F11R
121,OR13G1
122,JPH3
123,CD99
124,UPK1B
125,DYSF
126,SLC38A8
127,PLD5
128,TMEM167A
129,RTN4
130,TMED1
131,OR2A5
132,CHSY3
133,SLC39A6
134,L1CAM
135,TMEM116
136,VTI1B
137,SLC4A8
138,GRINA
139,RNF215
140,NDUFC1
141,MRGPRX3
142,KDR
143,CLEC6A
144,RUSF1
145,KCNG2
146,ADAM9
147,ADGRE1
148,CHST7
149,CXCR4
150,OR2C3
151,UPK3BL1
152,SCD5
153,ITGB1
154,SPG7
155,ITGB2
156,ADAM33
157,DENND5B
158,SPPL3
159,MTFP1
160,SLC1A7
161,OR6C65
162,IRAG2
163,MMD2
164,SEC11A
165,PLXDC2
166,MGAT1
167,STX5
168,KCNJ13
169,STRIT1
170,ACE2
171,OR2T10
172,CDKAL1
173,SLC18A3
174,SLC2A11
175,COL23A1
176,SAYSD1
177,STX17
178,RNF175
179,OSBPL5
180,KISS1R
181,STEAP2
182,FZD6
183,OR13A1
184,SPATA31A1
185,ATP6AP1
186,COX7B
187,TRPV1
188,ARV1
189,SMIM26
190,PCDHA5
191,GRM3
192,LHFPL6
193,SMAGP
194,MROH7
195,CYP7A1
196,PCDHGA1
197,TAS1R3
198,CALN1
199,RYK
200,MYOF
201,SLC34A1
202,ADGRG3
203,UMODL1
204,SLC35A3
205,TP53I11
206,TRPM2
207,OR4Q2
208,ITGA11
209,DOLK
210,OR13C7
211,LMAN1L
212,UGT2B4
213,OR5H1
214,IL31RA
215,GPR84
216,RHBDD3
217,GPR33
218,ZDHHC4
219,RNF103
220,KIDINS220
221,CELSR3
222,FZD5
223,FMO6P
224,ATP2A3
225,ADIPOR2
226,PHEX
227,GALNT17
228,MFRP
229,OR10J1
230,CLCNKB
231,MS4A18
232,SLC51A
233,SYVN1
234,CLDN16
235,GPR137C
236,SLC22A24
237,INSRR
238,KCNC4
239,SLMAP
240,SLC5A3
241,GPR142
242,EPHX1
243,ATP13A1
244,ITGAX
245,OR5B3
246,ACER3
247,MT-CO1
248,CDH20
249,OPN3
250,ADCY6
251,MT-ND4L
252,LRAT
253,SYT5
254,HS6ST3
255,PGAP1
256,HIGD1B
257,FXYD4
258,DNAJC30
259,PIGG
260,P2RX6
261,SLC25A26
262,PLA2R1
263,CNEP1R1
264,CRLS1
265,ABCB5
266,CTAGE2
267,MCL1
268,FADS3
269,ADRA1B
270,GPR141
271,SV2A
272,TMEM59
273,FAXDC2
274,SLC43A2
275,TYRP1
276,TMX3
277,SLC35B4
278,TNFSF4
279,ZDHHC11
280,SLN
281,CHRNB1
282,GPR62
283,TMBIM1
284,SLC17A2
285,SMDT1
286,KIR2DS5
287,HHAT
288,GCNT3
289,OR1S2
290,CD200R1
291,RELL1
292,SRD5A2
293,DAGLB
294,TMPRSS9
295,MIP
296,DNAJB14
297,SLC26A4
298,IL17RA
299,MGAM2
300,EGFR
301,TAAR8
302,GRAMD2A
303,SMIM10
304,ACER1
305,FCMR
306,CLSTN1
307,ODR4
308,TLCD4
309,TMTC1
310,PLSCR1
311,MEST
312,DNAJC25
313,ZDHHC6
314,OR13D1
315,CCDC47
316,TMEM130
317,TMEM267
318,GALNT3
319,SCARF1
320,BMPR2
321,ZGRF1
322,OR10G9
323,CDON
324,TMEM237
325,GABRB1
326,ASPHD2
327,IL2RA
328,SLC35F1
329,HIGD2B
330,TAS2R8
331,CLEC10A
332,SERINC1
333,GPR25
334,SREBF2
335,HLA-H
336,NCMAP
337,SMCO2
338,SLC35G5
339,SCN10A
340,LAYN
341,MANEAL
342,TMEM39B
343,OR2T6
344,PCDH10
345,SHISA4
346,CMKLR2
347,NRG4
348,CKLF
349,CSF1R
350,SMIM6
351,ADGRA3
352,F2RL3
353,TMEM18
354,GJB2
355,PIGC
356,CA9
357,PTGFRN
358,TMEM105
359,ATP5MJ
360,BRS3
361,CNIH3
362,OR6Q1
363,NAALADL2
364,FAM20B
365,EVC
366,B4GALNT2
367,UCP1
368,OR1I1
369,FAT4
370,CMTM1
371,ACP4
372,TMCO6
373,LRP11
374,KCNK18
375,TRPV6
376,ADRA1A
377,TAS2R4
378,SLC5A5
379,UGT1A6
380,FXYD1
381,CLCN4
382,NCR1
383,SHISA9
384,AQP12B
385,PCDHA3
386,ANPEP
387,LAT
388,TMEM131
389,RHBDF1
390,OR5AC1
391,OR51A4
392,IL1RL1
393,HIGD2A
394,LYSMD3
395,CDH18
396,CISD2
397,MAOA
398,UGT2A2
399,FLRT1
400,GFY
401,UQCC3
402,SLC18A1
403,BTNL10
404,MGAT4B
405,ARMC10
406,TMEM14A
407,CHL1
408,SEC61B
409,XXYLT1
410,OR5K3
411,AWAT1
412,LEMD3
413,TMEM233
414,OR52I1
415,ITGA5
416,OR14A2
417,SLC2A12
418,CDHR2
419,LEMD1
420,PCDHA13
421,OSTM1
422,PTCHD3
423,TMEM158
424,MAN2A1
425,RTL1
426,NDUFB5
427,CTAGE1
428,MMD
429,TMEM200A
430,IL22RA1
431,OR51G2
432,DPM2
433,MOGS
434,G6PC1
435,ENTPD4
436,SYPL2
437,OR4K13
438,DISP2
439,GYPA
440,SLC10A5
441,NRXN3
442,ST8SIA1
443,CLEC1B
444,SMIM36
445,PLPPR3
446,OXTR
447,ABCA5
448,CEACAM19
449,PTGFR
450,TRIQK
451,OR5P3
452,ABCB9
453,KCNN1
454,CCDC90B
455,GALNT15
456,ITGAE
457,CLEC1A
458,VAPA
459,XCR1
460,MERTK
461,IL12RB1
462,CASR
463,OR10J3
464,TNFSF13B
465,IZUMO3
466,IFITM10
467,PIK3IP1
468,PCDHGB6
469,GALR2
470,MARCO
471,COLEC12
472,PTCH2
473,PTAFR
474,TRHR
475,ABCG4
476,GLT8D2
477,OR14I1
478,NAT8
479,SCAMP1
480,GOLT1A
481,TMPRSS2
482,SLFN12L
483,SLC17A1
484,GPR88
485,OR6S1
486,TMEM177
487,OR4D6
488,SLC22A20P
489,CD63
490,INSIG1
491,ALG3
492,SLC22A1
493,LRRC66
494,PCDHB11
495,TMEM63C
496,SLC46A1
497,FDFT1
498,NLGN4X
499,SLC11A1
500,VSIR
501,COQ8A
502,GPRC5A
503,EBPL
504,MBOAT1
505,CTAGE9
506,SYNGR3
507,MFSD14A
508,CNMD
509,TMEM221
510,MLEC
511,FADS2B
512,TANGO6
513,MS4A15
514,PACC1
515,SELENOI
516,SLC4A2
517,OR52A5
518,GJD4
519,ASIC3
520,GPR152
521,PCDHB10
522,OR13C6P
523,IYD
524,ERMP1
525,TMEM102
526,OR2T3
527,OR9G9
528,MOSPD2
529,SYT10
530,PCDHGB7
531,SIRPB1
532,UQCRFS1P1
533,EQTN
534,GNRHR2
535,TMEM81
536,PGAP3
537,SSTR4
538,KIRREL1
539,ASTN1
540,C17orf78
541,P2RY13
542,ANKLE2
543,TEX264
544,SLC35E4
545,WDR83OS
546,SMIM38
547,SLC25A14
548,FAAH
549,ORAI3
550,KCNB1
551,HECTD4
552,PCNX1
553,DDR1
554,LRRC37B
555,GPR183
556,XKR7
557,NPBWR1
558,SMIM2
559,UNC5B
560,SLC25A24
561,CYB561D2
562,ADGRD1
563,SPATA31A5
564,GPR162
565,GPR156
566,GPR78
567,NIPAL4
568,SLC25A36
569,LRRTM3
570,TSPAN4
571,MUC12
572,TRIM59
573,TRB
574,MICU3
575,PDE3B
576,GPR150
577,OR6X1
578,PLPPR4
579,DSG2
580,SMIM5
581,SLC25A37
582,RGSL1
583,ALG12
584,MPZL2
585,FAM163A
586,PTCH1
587,TLCD2
588,CLEC2D
589,ABCA3
590,OR5T1
591,KCNK16
592,OR14J1
593,OR52N5
594,FAR2
595,ARL6IP1
596,OR56A1
597,MT-ND5
598,EFNB2
599,ZDHHC3
600,PCDH9
601,MFSD2B
602,TMEM74B
603,OR2T4
604,PORCN
605,OR51B6
606,PIGN
607,CRHR2
608,FUT11
609,PCDH11X
610,NYNRIN
611,LRRN4CL
612,OR51T1
613,CDH24
614,PLVAP
615,OR4N2
616,TMEM91
617,EPHB2
618,ITGB6
619,LRRN1
620,ST3GAL5
621,SLC25A31
622,XYLT1
623,RTP2
624,SYNDIG1
625,TAAR9
626,SLC50A1
627,SPINT2
628,FUT5
629,FUNDC1
630,ASPRV1
631,SCARB1
632,KIAA1549
633,OR52P1P
634,OR10G3
635,SLC22A8
636,C1orf210
637,DCAF17
638,FAM241B
639,KIAA2013
640,ST6GALNAC2
641,HACD1
642,INTS2
643,TSPAN18
644,TMEM52B
645,SLC22A15
646,CCR10
647,GPR12
648,OR7G1
649,RNF122
650,CEMIP2
651,SUCO
652,CLEC9A
653,ST6GALNAC6
654,TLR2
655,ADGRG7
656,OR2A4
657,GAFA1
658,TMIGD2
659,EVA1A
660,TMEM123
661,MBTPS2
662,SLC14A1
663,IGSF5
664,FAM118A
665,ADCY9
666,CLCA2
667,GRAMD4
668,ANO3
669,NPIPB5
670,HLA-DQA2
671,STUM
672,TM4SF18
673,PLPP2
674,GAPT
675,CDH23
676,IMMP2L
677,KCNA1
678,AMFR
679,SEL1L
680,TMED4
681,TRAM1L1
682,SLC35G4
683,BCS1L
684,CREB3L4
685,BTLA
686,CD79A
687,YIPF1
688,KCNK15
689,CACNA2D4
690,LARGE2
691,SELPLG
692,B4GALNT1
693,OR2AJ1
694,TNFRSF10B
695,SYT11
696,BTN3A2
697,ABCB4
698,TMEM61
699,OR52B4
700,ATAD3A
701,TPRA1
702,ILDR2
703,TRAM1
704,ALG1
705,NDUFB6
706,ITGA3
707,FAM174A
708,FCGR2A
709,ROBO3
710,PCDHB4
711,MCUB
712,TNFRSF18
713,SFXN3
714,FICD
715,PSEN1
716,OR10X1
717,OR2T1
718,LMBR1
719,CLEC2L
720,PAQR9
721,PCNX4
722,MRGPRX1
723,WSCD2
724,ALPP
725,ADCY5
726,MEGF8
727,O71037
728,MFSD1
729,ANO5
730,BTN2A3P
731,MAS1L
732,PDE3A
733,SPATA31E1
734,IL1RAPL1
735,ZDHHC16
736,KCNN4
737,OR51Q1
738,GRID1
739,BCAM
740,DYNAP
741,NPTN
742,SFXN4
743,IFI27
744,MFNG
745,GAL3ST3
746,PLN
747,ITPR1
748,SDC3
749,CORIN
750,FLVCR2
751,FOLH1
752,SLC28A3
753,OR8B2
754,SIGLEC12
755,TMEM86A
756,THSD7A
757,MMEL1
758,CACNA2D3
759,CNNM2
760,LRRN3
761,FAM168B
762,HTR2B
763,AQP7
764,TMEM265
765,C6orf89
766,GP5
767,ANO1
768,TMEM249
769,TMEM213
770,PTPRK
771,PAQR6
772,EPHA4
773,TMEM150B
774,OR10R2
775,GOLGB1
776,SLC30A3
777,ERVV-1
778,GABRA3
779,SLC28A1
780,PCDH15
781,TACSTD2
782,OR51H1
783,SIGLEC10
784,RHOT2
785,EVA1B
786,SLC24A3
787,OR5K1
788,TMX1
789,OR8S1
790,DNAJC18
791,OR13C4
792,ASIC4
793,KLRB1
794,CLCN6
795,BSND
796,NMUR2
797,DPM3
798,CD58
799,TOR1AIP2
800,PCSK7
801,ADGRL2
802,UBXN8
803,SCAI
804,LAPTM5
805,SPATA9
806,LEPROTL1
807,KLB
808,PSD2
809,ACVR1B
810,TSPAN12
811,MMP23B
812,TMEM183BP
813,SEMA6A
814,OR52B6
815,CA12
816,AQP12A
817,PCNX3
818,CD86
819,ATP11C
820,PTPRQ
821,LRRC15
822,PXYLP1
823,GABRE
824,ADRA2B
825,GUCY2C
826,CREB3L3
827,OR51A7
828,FAM171B
829,nan
830,SUN2
831,TAAR1
832,HCRTR2
833,INSR
834,MOGAT3
835,TMEM147
836,OR5L2
837,RDH10
838,ALG2
839,NDFIP2
840,EPHA2
841,CLDN34
842,KCNK17
843,OR1N2
844,LHFPL2
845,PTPRB
846,STEAP1
847,TRBC1
848,CYP51A1
849,SLC7A5P2
850,B4GALT6
851,FURIN
852,CYP4F3
853,LRIG1
854,LCT
855,B3GNT5
856,OR2B6
857,SLC66A1
858,OR9A2
859,PCDHA2
860,BCL2L1
861,CDH8
862,CD28
863,S1PR4
864,AMIGO2
865,OR2F2
866,DHRS7B
867,TMED10
868,TAS2R19
869,NRSN2
870,INTS1
871,KCNH4
872,CXorf66
873,NOX3
874,SLC22A2
875,SLC14A2
876,PLGRKT
877,OR52E4
878,SGPL1
879,KCNMB3
880,TNFRSF21
881,TMEM255B
882,SLC35A2
883,SLC26A10
884,KCNN2
885,TOR4A
886,MPV17
887,FMO1
888,TGOLN2
889,FAM210A
890,EPHA10
891,KMO
892,SLC39A10
893,CLEC4F
894,KNCN
895,ATP2A1
896,MUC3A
897,PIEZO2
898,GABRG1
899,TGFA
900,CCR2
901,SEMA5A
902,CDH9
903,SLC24A1
904,ADAM20
905,PRSS8
906,MT-ND6
907,MGST2
908,CHRNA3
909,MRS2
910,SLC4A11
911,LMAN1
912,B3GALT1
913,OR7A17
914,PCDHAC1
915,OXA1L
916,ERBB2
917,GPR20
918,ITGA9
919,TMEM200B
920,CMTM6
921,TUSC3
922,TMED7
923,AQP10
924,C3orf80
925,ADGRF2
926,CDH15
927,BVES
928,IL4R
929,KLRD1
930,OR5J2
931,SLC12A7
932,PARL
933,ATP13A2
934,SPATA31C2
935,EXT1
936,SERINC4
937,KCNJ9
938,ARMCX2
939,CHPF2
940,TTMP
941,SMIM29
942,TMPRSS3
943,PGRMC2
944,CTXND2
945,SLC25A22
946,ST7
947,GALNT6
948,GPAT2
949,OR10W1
950,ERN1
951,TCP11
952,CYP7B1
953,IGSF3
954,TMEM132A
955,ZDHHC9
956,ZDHHC15
957,B3GALT9
958,SLC35A1
959,PCDH7
960,OR6B3
961,ANO8
962,PCDHA4
963,DPY19L2P2
964,MS4A10
965,COX7A2
966,ZDHHC17
967,SMIM34
968,EDEM1
969,SUN3
970,CPT1A
971,CATSPERB
972,MGAT5B
973,ADAM2
974,KCNE2
975,OR2AP1
976,DRAM2
977,TMEM175
978,ROMO1
979,PTPRN2
980,SLC25A47
981,ADAM18
982,SLC12A3
983,LRRC3
984,FAM205C
985,OR9G1
986,OR2A25
987,ADAM23
988,CNST
989,MUC13
990,STMP1
991,KIR3DL1
992,AADACL4
993,C1orf43
994,ALCAM
995,NPIPB13
996,PTGER1
997,CXCL16
998,TAS2R33
999,CLEC4M
1000,SLC25A52
1001,MPV17L2
1002,OR7A10
1003,SLC12A9
1004,CHRM3
1005,TPO
1006,A8MWL6
1007,ZDHHC23
1008,CCDC163
1009,SPEM3
1010,LMBRD2
1011,CDRT15L2
1012,GPR17
1013,IL18R1
1014,DGAT2
1015,SLC9A7
1016,ILDR1
1017,SLC1A1
1018,GABRR1
1019,SLAMF6
1020,HACD3
1021,SEC11B
1022,LPAR5
1023,VANGL2
1024,TIMD4
1025,SLC6A5
1026,ADAM15
1027,SLC1A4
1028,OR5AK3P
1029,MPZL1
1030,ST3GAL3
1031,OR8H1
1032,ATP5MC2
1033,IL1RL2
1034,TMEM50A
1035,DNAJC4
1036,HSD3B2
1037,PCDHA7
1038,MYMX
1039,TYRO3
1040,LTK
1041,CCR9
1042,CX3CR1
1043,FAM74A1
1044,ITPRIPL2
1045,SLC5A11
1046,HAS1
1047,POMGNT1
1048,MAL
1049,CPD
1050,TMEM53
1051,TMEM131L
1052,CLCNKA
1053,ADAM21
1054,Q9N2K0
1055,TMIGD3
1056,PLD3
1057,TMEM263
1058,PAQR7
1059,FGFRL1
1060,HPN
1061,TOMM20
1062,CD163
1063,OR4N5
1064,CD163L1
1065,OR10H3
1066,FXYD5
1067,RNF19A
1068,EXTL3
1069,NPFFR2
1070,GABRG2
1071,ADRA2A
1072,TMEM98
1073,Q13948
1074,FIS1
1075,JAG1
1076,OR7G3
1077,ARMCX6
1078,TMEM190
1079,RER1
1080,PIGBOS1
1081,IFNAR1
1082,CHRM2
1083,SCAMP2
1084,TBXA2R
1085,UGT2A3
1086,SLC40A1
1087,HEPACAM
1088,IGSF6
1089,GABRQ
1090,CNR2
1091,GLMP
1092,SLC35G1
1093,CNGA1
1094,SMCO1
1095,OR4D10
1096,CEBPZOS
1097,TRPC6
1098,ARMH3
1099,ATP1A3
1100,TMEM192
1101,OR52W1
1102,RMDN2
1103,ZNRF3
1104,GPAT4
1105,OR2S2
1106,CEACAM3
1107,YIPF6
1108,SLC4A5
1109,UGT2B11
1110,SPCS3
1111,SFT2D2
1112,OR4F4
1113,OR13C8
1114,LRTM2
1115,FLT3
1116,MYADM
1117,GPR157
1118,GAL3ST4
1119,P4HTM
1120,ABCD3
1121,GASK1B
1122,OTOP3
1123,MBOAT7
1124,COX10
1125,PLA2G6
1126,C9orf57
1127,SPTSSA
1128,KLRC4
1129,LMAN2L
1130,DIPK1B
1131,HTR1E
1132,LRP1B
1133,PMEPA1
1134,SLC15A5
1135,KCNK13
1136,AMIGO1
1137,SLC38A2
1138,BFAR
1139,OR4F17
1140,SV2C
1141,CD96
1142,TREML1
1143,MIGA1
1144,SLC4A10
1145,KCND3
1146,HCAR3
1147,SLC26A2
1148,TYR
1149,ATP11A
1150,TRPM3
1151,SLC9C2
1152,ATP8B2
1153,SLC7A1
1154,ABCC3
1155,DDOST
1156,HIGD1C
1157,AQP11
1158,OR10C1
1159,PCDHA11
1160,SLC28A2
1161,OR6C74
1162,CDH17
1163,SRD5A3
1164,EMP1
1165,CNGA3
1166,OR8U1
1167,SPCS1
1168,SLC22A13
1169,OR4A5
1170,TRPC1
1171,MOSPD1
1172,SCN7A
1173,ITPR3
1174,NPY6R
1175,P2RX3
1176,CALHM4
1177,SLC35C2
1178,MSMO1
1179,TAS2R38
1180,FLRT3
1181,LNPEP
1182,INAFM2
1183,SLCO4C1
1184,MS4A1
1185,ADAM12
1186,RPN2
1187,COX18
1188,UGT1A8
1189,TECR
1190,SMIM15
1191,ATP6V0B
1192,PTPRZ1
1193,LINC00477
1194,MMP15
1195,CD8A
1196,ICAM5
1197,BET1L
1198,DGAT1
1199,EPHA1
1200,ZNF593OS
1201,TIMM22
1202,CLPTM1
1203,SYNDIG1L
1204,ARFGEF3
1205,XKR3
1206,OR1N1
1207,TMEM141
1208,CHRM4
1209,FASLG
1210,PPM1L
1211,ADAM30
1212,UCP3
1213,KCNMB1
1214,HTR6
1215,APRG1
1216,OR4A47
1217,RNF144A
1218,SSR3
1219,SLC43A1
1220,SLC25A35
1221,ERVK-24
1222,ENPEP
1223,SLC25A17
1224,B3GNT7
1225,GPR6
1226,NRM
1227,JPH2
1228,DSCAM
1229,OR8H2
1230,ABCA1
1231,ANO2
1232,TLCD1
1233,CYSTM1
1234,OR5M11
1235,TAP2
1236,SGMS2
1237,SLC27A4
1238,ABCB1
1239,MOGAT2
1240,KCNE5
1241,DHRS3
1242,SLC6A20
1243,CHRFAM7A
1244,SLC13A4
1245,P2RX2
1246,SIGLEC5
1247,SLC44A4
1248,TSPAN33
1249,SLITRK3
1250,PTCRA
1251,USP30
1252,GPR39
1253,ERVW-1
1254,REEP3
1255,GPR160
1256,OR8D2
1257,COX4I1
1258,SIGLEC9
1259,ACVR1C
1260,VDAC2
1261,UGT1A3
1262,TRARG1
1263,ZDHHC13
1264,RNF167
1265,CD27
1266,SUN5
1267,OR51S1
1268,MLANA
1269,OR4C46
1270,SSPN
1271,CHST10
1272,ST3GAL2
1273,MRGPRD
1274,HS6ST1
1275,OR7A2P
1276,SLC25A15
1277,TOMM22
1278,GP1BA
1279,SUCNR1
1280,SYT1
1281,GPER1
1282,NUP210L
1283,SLC25A45
1284,LRP4
1285,SLC25A27
1286,TP53I13
1287,B3GNT6
1288,LBR
1289,OR8K1
1290,SLC13A3
1291,MFSD4A
1292,ST8SIA6
1293,PTCHD4
1294,IFITM2
1295,ATP2C2
1296,OR2Y1
1297,LAT2
1298,MCOLN3
1299,SLC47A1
1300,GRM6
1301,BTC
1302,STT3A
1303,SLCO4A1
1304,NTSR1
1305,TNFSF14
1306,APH1A
1307,PLXNA2
1308,ZDHHC22
1309,NFXL1
1310,CLDND1
1311,CNNM4
1312,SLC35E2B
1313,AQP6
1314,ODF4
1315,BEAN1
1316,RXFP2
1317,PNPLA8
1318,GPNMB
1319,COX6A2
1320,TM4SF4
1321,TMEM161A
1322,TMEM240
1323,PTPRJ
1324,FZD10
1325,MBTPS1
1326,HLA-E
1327,SPATA31D1
1328,IL13RA2
1329,COX6C
1330,PIGT
1331,OR4A16
1332,FLT1
1333,CYB5R1
1334,B3GLCT
1335,FAT1
1336,PKD1L1
1337,OR4C6
1338,SPATA31A3
1339,TMEM243
1340,TRAC
1341,TRBC2
1342,MXRA7
1343,ITGA6
1344,TMEM117
1345,SEC22A
1346,CRTAM
1347,SLC38A1
1348,CPT1C
1349,CNIH4
1350,MS4A7
1351,SLC6A6
1352,OR2W5P
1353,TMEM196
1354,SCARA3
1355,DNAJC15
1356,PLP2
1357,FKBP11
1358,SLC22A7
1359,SLC38A9
1360,DLL3
1361,ATP6V0A1
1362,GLP1R
1363,EPHX4
1364,PLXNB2
1365,TMEM135
1366,OR1E1
1367,BAX
1368,TMEM176B
1369,TSPAN6
1370,TPTE2
1371,OR2M4
1372,SLC25A16
1373,ERVMER34-1
1374,SLC44A3
1375,TMEM108
1376,CD248
1377,PNPLA6
1378,CYP39A1
1379,FMO5
1380,MS4A3
1381,TMPRSS11A
1382,IL10RA
1383,PLPPR1
1384,TMEM239
1385,PPP1R3F
1386,ATP6V0A4
1387,GALNT18
1388,RHCG
1389,UPK3BL2
1390,MUC21
1391,DRD5
1392,TPBG
1393,PCDHGA11
1394,OR2I1P
1395,CLDN8
1396,OR2B3
1397,KRTCAP2
1398,KIAA1109
1399,KCNC3
1400,FXYD2
1401,TIMM21
1402,TMEM128
1403,PTGIR
1404,SLC35G3
1405,FAM171A2
1406,OR10H2
1407,HS3ST5
1408,SCNN1G
1409,INTS5
1410,EMC10
1411,PSENEN
1412,PIANP
1413,CNIH1
1414,CSGALNACT2
1415,SYT2
1416,TMEM203
1417,FZD3
1418,CCRL2
1419,GDPD1
1420,TCTN3
1421,LRFN5
1422,ACSL4
1423,NPR2
1424,KCNV1
1425,TBC1D9B
1426,SGCD
1427,OR5A1
1428,ST3GAL1
1429,C17orf113
1430,CACNG1
1431,SGCA
1432,TMC6
1433,BTBD11
1434,PCDHB6
1435,LPAR1
1436,LRFN2
1437,SUN1
1438,XPR1
1439,TMEM165
1440,NETO1
1441,B4GALT1
1442,STING1
1443,CDH16
1444,COMT
1445,TMPRSS5
1446,OR2M2
1447,SLC2A8
1448,P2RY6
1449,VSTM1
1450,NPY4R2
1451,LRBA
1452,DNAJC16
1453,ATRN
1454,RXYLT1
1455,LRP3
1456,ATP2B2
1457,SDC2
1458,CYB561
1459,GP6
1460,KCNB2
1461,SCNN1A
1462,LRP8
1463,SYT15
1464,MARCHF1
1465,ATP5MC1
1466,NDST1
1467,SACM1L
1468,CTLA4
1469,TM2D3
1470,SLC7A13
1471,TMEM200C
1472,TSPAN9
1473,FCGR2B
1474,EMP3
1475,GABRA1
1476,SLC5A2
1477,SLC2A5
1478,KEL
1479,TLR5
1480,SLC2A6
1481,VSTM4
1482,OR8J1
1483,OR5D16
1484,CEACAM1
1485,KIR2DL5A
1486,SLC18A2
1487,CYYR1
1488,SLC16A9
1489,DCSTAMP
1490,NECTIN1
1491,SHISA5
1492,MILR1
1493,TMEM247
1494,LAG3
1495,IZUMO2
1496,CLRN3
1497,STX1B
1498,FNDC4
1499,GPR31
1500,MPC1L
1501,NECTIN2
1502,SLC7A4
1503,HM13
1504,ACKR3
1505,MAS1
1506,TPSG1
1507,TLCD3B
1508,GPR83
1509,OR3A2
1510,IFITM5
1511,OR4C45
1512,HMGCR
1513,GSG1
1514,FAM174C
1515,ABCG2
1516,TMEM42
1517,SLC4A7
1518,REEP2
1519,TMEM182
1520,FOCAD
1521,SELL
1522,TMEM101
1523,POMK
1524,DPY19L2P1
1525,CHRNE
1526,RHBDL2
1527,SLC6A11
1528,OR51B2
1529,HEG1
1530,TMEM97
1531,CHRNB2
1532,CUZD1
1533,KCNK3
1534,HTR2C
1535,ADAM29
1536,TENM3
1537,ADGRA2
1538,OR12D1
1539,RIC3
1540,TMPRSS11B
1541,ZFPL1
1542,CXorf1
1543,TMEM250
1544,TMTC3
1545,PIGO
1546,CD300E
1547,EXTL2
1548,SPNS2
1549,PLXDC1
1550,OR13C2
1551,LVRN
1552,COA3
1553,ITGAD
1554,PILRA
1555,CD8B
1556,OR10A2
1557,TMEM167B
1558,SLC35C1
1559,EXD2
1560,STOML3
1561,SLAMF7
1562,F2RL2
1563,SYNPR
1564,MCHR2
1565,KCNG1
1566,TMC8
1567,SLC10A6
1568,AXL
1569,SCNN1D
1570,XKRY2
1571,GPR135
1572,TMEM179B
1573,RNF182
1574,AMN
1575,GPR3
1576,PEX2
1577,SLC6A1
1578,SEMA6C
1579,AGTR1
1580,OR2K2
1581,CKAP4
1582,VN1R1
1583,YIPF7
1584,LILRB1
1585,MC4R
1586,TMPO
1587,RHAG
1588,SLC16A8
1589,TXNDC15
1590,ADAM8
1591,OR5B2
1592,IL1R1
1593,OR10Z1
1594,ERGIC2
1595,RHBDL3
1596,MARVELD3
1597,SLC39A12
1598,TMEM71
1599,LRRN2
1600,CYSLTR1
1601,CLPTM1L
1602,SLC22A11
1603,TMCO5A
1604,CHRNA2
1605,TENM4
1606,LRRN4
1607,OR11A1
1608,FAIM2
1609,UNC80
1610,RPRML
1611,VKORC1L1
1612,NRROS
1613,SIGLEC11
1614,NCAM1
1615,IL21R
1616,MAGT1
1617,GJC3
1618,MCTP2
1619,OR7A5
1620,SLC24A5
1621,SLC25A46
1622,SLC22A4
1623,A6NDX4
1624,SLC22A3
1625,ST8SIA5
1626,HBEGF
1627,ADRA2C
1628,CD40
1629,GABBR1
1630,CLRN1
1631,SLC12A8
1632,GALNT10
1633,SLC6A12
1634,DCST2
1635,KCNJ11
1636,MT-ATP6
1637,MST1R
1638,KCNE4
1639,SLC13A5
1640,RAB5IF
1641,AQP3
1642,AGTRAP
1643,CD300C
1644,GPRC5D
1645,KCND1
1646,AGPAT5
1647,PODXL
1648,EDNRA
1649,CATSPER1
1650,SLC25A20
1651,SLC4A9
1652,RDH11
1653,OR10AC1
1654,ABCB6
1655,PCDHB9
1656,RYR3
1657,IFITM1
1658,NKAIN3
1659,OR51A2
1660,SYNGR1
1661,LRFN1
1662,CEND1
1663,CREB3
1664,LIFR
1665,FXYD6P3
1666,SERTM2
1667,TMEM178A
1668,MIEF1
1669,CD22
1670,RNF180
1671,PRLHR
1672,OR4F15
1673,RELL2
1674,OR2L8
1675,PCDHGB5
1676,LRP6
1677,FCGR3A
1678,TEX261
1679,SPEM1
1680,ABHD13
1681,OR4A8
1682,DLK1
1683,ATP10B
1684,SLC25A10
1685,GPR155
1686,CLEC14A
1687,COQ8B
1688,STX4
1689,MSR1
1690,MPIG6B
1691,SUSD3
1692,PEMT
1693,SLC2A10
1694,BSG
1695,SLC26A1
1696,ADIPOR1
1697,NCLN
1698,SLC46A3
1699,PGAP4
1700,C1orf159
1701,ATL3
1702,TMEM217
1703,NEO1
1704,NRAC
1705,CLCN2
1706,SMIM8
1707,PRPH2
1708,SLC25A32
1709,PGAP2
1710,TM9SF3
1711,PKHD1L1
1712,ZDHHC24
1713,CD33
1714,SLC36A2
1715,TAS2R20
1716,TMEM254
1717,LETM2
1718,OR4X1
1719,MAVS
1720,MCOLN1
1721,KCNK7
1722,GJD2
1723,TSNARE1
1724,SEMA4D
1725,SPTSSB
1726,LTB4R
1727,SIGLEC15
1728,PIGK
1729,KCNJ3
1730,PRIMA1
1731,TRB
1732,TMEM60
1733,RHD
1734,LAMP2
1735,RNF121
1736,SLC44A1
1737,OR6B1
1738,OR11H2
1739,GCNT1
1740,LRP10
1741,SEMA5B
1742,SYT8
1743,SGCB
1744,KCNMB2
1745,SMIM3
1746,GALNT13
1747,XKRX
1748,OR9G4
1749,SIRPG
1750,RXFP1
1751,KCNK6
1752,UGT2B15
1753,EGF
1754,OR5AS1
1755,SLC9B2
1756,STX12
1757,ATP2B4
1758,TTTY13
1759,ARMH4
1760,OR6K2
1761,ATP1B3
1762,TAPBPL
1763,NCKAP1
1764,CLDN1
1765,REEP1
1766,LAMP3
1767,ADGRG2
1768,TAS2R14
1769,HCAR1
1770,ITGA10
1771,OR7D2
1772,SGCZ
1773,ILVBL
1774,CHRNG
1775,CHRNA4
1776,SDK1
1777,AIG1
1778,LRRTM1
1779,CD36
1780,ELAPOR2
1781,ABCB11
1782,CD200
1783,APOOL
1784,NDUFC2-KCTD14
1785,FUT10
1786,CSGALNACT1
1787,GPR68
1788,GJA1
1789,ABCA13
1790,CALCRL
1791,A4GALT
1792,KIAA0743
1793,OR6J1
1794,NRCAM
1795,EVI2A
1796,NLGN3
1797,PPP1R3A
1798,SLC25A28
1799,PTPRA
1800,ADCY7
1801,ITGA8
1802,DIPK1A
1803,TRPM5
1804,TMEM201
1805,TMEM199
1806,OR2J3
1807,SLC16A5
1808,TAS2R1
1809,CTAGE8
1810,MPC2
1811,SSR1
1812,AQP8
1813,FGFR1
1814,EXTL1
1815,FAR1
1816,GRPR
1817,LRIG2
1818,OPA1
1819,SURF4
1820,SERP1
1821,OR51E2
1822,GLT6D1
1823,SLC25A29
1824,MANBAL
1825,CDIPT
1826,LIM2
1827,SHISAL1
1828,NEMP1
1829,USH2A
1830,DEGS1
1831,AADAC
1832,MANEA
1833,CNGA4
1834,DNAJC22
1835,OR1P1
1836,NDST2
1837,FCRL4
1838,TAAR3P
1839,LRRC8B
1840,NIPAL3
1841,TAS2R42
1842,OR9A4
1843,TMEM223
1844,CADM4
1845,CD44
1846,ADCY3
1847,PTPRE
1848,SLC37A2
1849,SHISA6
1850,ICOS
1851,UST
1852,GJE1
1853,CMKLR1
1854,NAT14
1855,FAP
1856,CLDN9
1857,XKR6
1858,BEST2
1859,MEGF10
1860,RETREG1
1861,CD300LD
1862,DSE
1863,ABCB10
1864,SGCE
1865,C3orf20
1866,SYNGR4
1867,TM9SF1
1868,FXYD3
1869,GRM8
1870,KCNQ4
1871,C9
1872,GDPD3
1873,CLDN17
1874,TEX38
1875,DNAJB12
1876,ABCD2
1877,CD1D
1878,SLC25A34
1879,TNFSF8
1880,ABCC9
1881,P2RX1
1882,PIGM
1883,OR10G6
1884,SFXN5
1885,OR2T27
1886,GRIN2C
1887,DAD1
1888,SLC26A9
1889,FAM187A
1890,P2RX4
1891,CWH43
1892,SLC38A10
1893,CRB1
1894,TMEM225
1895,ATF6
1896,GLDN
1897,SVOPL
1898,MRAP
1899,ANO10
1900,FAM74A7
1901,MS4A8
1902,KCNJ10
1903,NPC1L1
1904,FAM151A
1905,SLC35D3
1906,IRAG1
1907,DNER
1908,TMEM79
1909,GNPTAB
1910,OR9K2
1911,TMEM67
1912,PCNX2
1913,PTPRCAP
1914,OR10AG1
1915,ATG9B
1916,CNR1
1917,SHISA8
1918,EMB
1919,FRRS1
1920,PTGES2
1921,SUSD4
1922,SCN2A
1923,FAM200A
1924,SLC66A2
1925,TLR1
1926,TMX4
1927,GHR
1928,OR4S1
1929,ITPRIP
1930,MUC15
1931,OR6N1
1932,VSIG10
1933,SLC32A1
1934,UGT1A5
1935,HLA-DQA1
1936,PKD1L2
1937,LRRC53
1938,CELSR2
1939,ABCC6
1940,SLC9A3
1941,OR1K1
1942,SLC7A11
1943,TMEM218
1944,FGFR3
1945,RET
1946,CLCN3
1947,GLRB
1948,KREMEN2
1949,AVL9
1950,LRP2
1951,TMUB2
1952,TMPRSS12
1953,GBGT1
1954,SLCO1A2
1955,GOSR1
1956,PCDHGA5
1957,OR8J3
1958,IFI27L2
1959,ZFYVE27
1960,CLDN19
1961,CYP20A1
1962,SLC10A3
1963,SLC45A3
1964,FAM163B
1965,SLC38A11
1966,ASGR2
1967,BOK
1968,FREM2
1969,IER3IP1
1970,NGFR
1971,SEL1L2
1972,ROM1
1973,MT-CO3
1974,COX8A
1975,PXMP2
1976,HRH1
1977,ACVR2A
1978,DLL4
1979,CD72
1980,HS3ST2
1981,GSG1L
1982,ROR1
1983,SLC16A7
1984,SLC25A51
1985,MPZ
1986,ANTXRL
1987,C11orf87
1988,ADRB2
1989,EEF1AKMT4-ECE2
1990,XKR8
1991,ABCA9
1992,TSBP1
1993,GYPE
1994,FNDC5
1995,ST14
1996,LSMEM1
1997,SDC4
1998,PCDHGB3
1999,OR2A7
2000,CXCR1
2001,IL3RA
2002,DIPK1C
2003,ST8SIA3
2004,SERAC1
2005,RDH8
2006,OTOP1
2007,GDPD5
2008,SLC15A2
2009,MT-ND1
2010,SYNE1
2011,PANX1
2012,TMPRSS6
2013,SLC22A18
2014,SLC23A2
2015,PEX26
2016,STOML1
2017,DPP4
2018,GDAP1
2019,MFSD10
2020,MGAT5
2021,DPAGT1
2022,CHST4
2023,CD276
2024,VLDLR
2025,MEP1A
2026,LTC4S
2027,IFI27L1
2028,PLPP3
2029,CHST12
2030,SYNJ2BP
2031,CT83
2032,TNFRSF8
2033,CCDC167
2034,ZP2
2035,OR10D3
2036,LILRB2
2037,CNTNAP1
2038,ITM2C
2039,PCDHGA10
2040,FAS
2041,GPR35
2042,FCER2
2043,DHCR7
2044,SLC5A10
2045,TIMMDC1
2046,SLC22A17
2047,BRI3
2048,SLC3A1
2049,TMEM17
2050,JTB
2051,GUCY2F
2052,KCNS2
2053,LMLN2
2054,SMO
2055,HTR1D
2056,DPP10
2057,FAM87A
2058,ORAI2
2059,NRG3
2060,SLC6A8
2061,GPR19
2062,OR8K5
2063,LRP12
2064,HSD3B7
2065,CLSTN3
2066,NETO2
2067,QRFPR
2068,PTGER2
2069,MFSD9
2070,CLCN5
2071,ATPSCKMT
2072,ST6GAL2
2073,RHCE
2074,ORMDL3
2075,MGAT4C
2076,OR4A15
2077,REEP5
2078,OR6P1
2079,TMEM266
2080,EPOR
2081,TMEM191C
2082,TMEM126B
2083,PDCD1
2084,ALK
2085,ITGB7
2086,TEX2
2087,PIGL
2088,PTCHD1
2089,BTN3A3
2090,MAL2
2091,SYPL1
2092,OR51I1
2093,OR1S1
2094,TMCO2
2095,NAALADL1
2096,FKTN
2097,PTDSS2
2098,ATP6V0C
2099,ADAM22
2100,MS4A6E
2101,TMEM181
2102,SLC19A3
2103,CERS5
2104,ATF6B
2105,FUT8
2106,NLGN4Y
2107,SLC20A2
2108,KCNK10
2109,LILRA1
2110,AJAP1
2111,LRIG3
2112,QPCTL
2113,RHO
2114,TMEM209
2115,PISD
2116,LNPK
2117,CHST6
2118,ABHD6
2119,ADORA1
2120,CHST3
2121,LILRB5
2122,NOX1
2123,JKAMP
2124,OR5H6
2125,EDNRB
2126,OR56A5
2127,OR2L13
2128,USE1
2129,GALNTL6
2130,AGPAT2
2131,HTR2A
2132,OR6B2
2133,JAM3
2134,OR2L3
2135,MR1
2136,GNRHR
2137,GABRA4
2138,GPX8
2139,LRRC8D
2140,TRGC1
2141,SLC27A6
2142,MPC1
2143,PCDH18
2144,GPR174
2145,EVC2
2146,CALHM2
2147,GABRB3
2148,SGPP1
2149,IL23R
2150,CD6
2151,BPNT2
2152,SEMA6D
2153,LRRC19
2154,SYT4
2155,ERVFRD-1
2156,ADAM19
2157,MANSC4
2158,KIRREL2
2159,GABRA2
2160,SLC29A1
2161,CTNS
2162,EDAR
2163,NKAIN1
2164,HIGD1A
2165,ZMPSTE24
2166,B3GNT4
2167,TAS2R50
2168,KCNC2
2169,SLC35F3
2170,IMPG2
2171,OR4F3;
2172,SORT1
2173,OR9I1
2174,ANO6
2175,AQP9
2176,ATP1A1
2177,MT-ND4
2178,CLDN12
2179,TM6SF2
2180,GGT1
2181,TNFRSF11A
2182,TAP1
2183,B3GAT2
2184,STRA6
2185,OCLN
2186,JAGN1
2187,ARMCX1
2188,OR51B5
2189,CADM1
2190,AOC3
2191,PRRG2
2192,SLC16A12
2193,OR8D1
2194,ADGRL4
2195,SLC6A18
2196,JAML
2197,CD3D
2198,GABRA6
2199,TRAF3IP3
2200,CLSTN2
2201,CPT1B
2202,SLC29A2
2203,CD7
2204,SPCS2
2205,SDHC
2206,TRPC4
2207,TMEM186
2208,FCER1G
2209,MGAT3
2210,CYP3A4
2211,OR10J5
2212,MRGPRX2
2213,GLIPR1
2214,ITGB3
2215,OR6C2
2216,STX16
2217,OR5F1
2218,MFAP3
2219,FAM209B
2220,STEAP3
2221,BEST4
2222,TAS2R60
2223,ZDHHC12
2224,SLC38A6
2225,SORCS3
2226,GRAMD1B
2227,FAT2
2228,KCND2
2229,C9orf135
2230,OR2D3
2231,TAS1R1
2232,OR2G3
2233,GPR101
2234,PTPRU
2235,AGPAT4
2236,IZUMO1
2237,KIR3DS1
2238,AGMO
2239,SPPL2C
2240,TAS2R31
2241,WFS1
2242,TMC3
2243,CYP8B1
2244,GALR3
2245,CD164L2
2246,FMR1NB
2247,OGFOD3
2248,HEPACAM2
2249,CERS1
2250,IL6R
2251,CD209
2252,OR52E8
2253,SLC7A3
2254,TMCO4
2255,CISD1
2256,Q4G0T1
2257,UNC5D
2258,OR51L1
2259,ST7L
2260,SLC1A3
2261,SLC41A1
2262,SOAT2
2263,TMEM14C
2264,OR1E3
2265,TMEM127
2266,SPTLC3
2267,HAVCR2
2268,TMEM14B
2269,ATP6V0E1
2270,OR2B11
2271,FKRP
2272,CCKBR
2273,NEMP2
2274,PARP16
2275,POM121C
2276,TMCO1
2277,PHTF1
2278,ITGB5
2279,CALHM3
2280,TMC7
2281,SLC35F4
2282,ADGRF5
2283,ABCB8
2284,ATP12A
2285,CRB3
2286,VTCN1
2287,TMEM14EP
2288,SLC38A5
2289,CIP2A
2290,DRAM1
2291,ABCG1
2292,SLCO1B3
2293,KIR2DL4
2294,CSF3R
2295,SLC22A14
2296,APOO
2297,CHST5
2298,HCRTR1
2299,SCIMP
2300,OR1C1
2301,EMC7
2302,STX10
2303,SLC1A5
2304,XBP1
2305,GPRC5B
2306,TACR3
2307,SDHD
2308,SLC9A9
2309,ASIC1
2310,TMEM271
2311,PTPRF
2312,VAMP2
2313,PRRG1
2314,OPN1MW3
2315,OPRL1
2316,GRIK1
2317,CACNA2D2
2318,DUOX1
2319,DCT
2320,MUC22
2321,OR11H1
2322,TMEM184C
2323,SLCO5A1
2324,GPAT3
2325,FAM187B
2326,MOGAT1
2327,IL15RA
2328,ADCY1
2329,GALNT14
2330,CLDN3
2331,CDHR3
2332,IGFLR1
2333,TOMM20L
2334,AQP5
2335,ENPP7
2336,EBAG9
2337,PTPRO
2338,CSMD3
2339,AQP7P3
2340,OR4B1
2341,SARAF
2342,MINAR1
2343,TAS2R7
2344,OR6C70
2345,GTSCR1
2346,MTCH1
2347,TMEM88
2348,OR1E2
2349,CDHR4
2350,FCRL3
2351,GPR22
2352,TOMM5
2353,RABAC1
2354,CCR1
2355,SCN5A
2356,TSPAN5
2357,FA2H
2358,HLA-DMA
2359,SLC37A3
2360,PLPPR2
2361,ABCC2
2362,SLC2A7
2363,ZDHHC20
2364,DMAC1
2365,SLC6A4
2366,CREB3L1
2367,ADGRG1
2368,KDSR
2369,OR51E1
2370,TMCO5B
2371,OR9Q2
2372,SLC10A2
2373,OR51D1
2374,TRABD2A
2375,PCDH17
2376,TNFRSF10A
2377,MPDU1
2378,ABCC8
2379,FSHR
2380,PRRG4
2381,NTRK2
2382,DEGS2
2383,TMEM272
2384,BCAP31
2385,SDC1
2386,CERS3
2387,PTGDR2
2388,SLC10A1
2389,ADGRF4
2390,OR52L1
2391,NNT
2392,OR8J2
2393,PIGY
2394,SLC25A40
2395,SLC15A3
2396,C11orf24
2397,TMEM168
2398,ST6GALNAC5
2399,SUSD6
2400,PTGES
2401,SLC6A3
2402,RNASEK
2403,SCARB2
2404,ERAP2
2405,SLC44A5
2406,ACER2
2407,TGFBR3
2408,RAMP3
2409,OR10AD1
2410,CTXND1
2411,SLC25A12
2412,SYT7
2413,CYB561D1
2414,SLITRK5
2415,OR52H1
2416,NDUFA11
2417,ATP11B
2418,TIGIT
2419,NCAM2
2420,SLC9A5
2421,RFNG
2422,OR10K1
2423,UQCR11
2424,PAQR5
2425,CLEC2A
2426,MICB
2427,OR52E1
2428,ENTPD6
2429,OR2M7
2430,GPR55
2431,RTP1
2432,ABCC5
2433,FUT3
2434,PTGER4
2435,ATRNL1
2436,INAFM1
2437,ABHD2
2438,GJA5
2439,ACSL3
2440,IGSF23
2441,ELOVL2
2442,ATP1A2
2443,SLC35G2
2444,CLCN1
2445,OR52A1
2446,SMIM32
2447,EPGN
2448,LEPR
2449,SLC25A44
2450,TCIRG1
2451,KCNT1
2452,SLC16A3
2453,ADTRP
2454,TMEM215
2455,PCDHGC4
2456,OR56A4
2457,MCTP1
2458,CD34
2459,CSF2RB
2460,MAG
2461,OR11H7
2462,NOMO3
2463,ATP6V0A2
2464,OR2T35
2465,SGPP2
2466,FLT4
2467,UQCR10
2468,SLC39A9
2469,GPR179
2470,KCNA6
2471,HTR5A
2472,EMC3
2473,OSTC
2474,TMEM78
2475,CHRNB3
2476,S1PR1
2477,OPN1LW
2478,SERTM1
2479,LINC01006
2480,PGAM5
2481,NAALAD2
2482,TRPV3
2483,CXCR3
2484,HS3ST4
2485,C18orf15
2486,CMTM8
2487,GPR52
2488,FAXC
2489,BRICD5
2490,TMEM9
2491,CDHR5
2492,SVOP
2493,MTARC1
2494,CDH10
2495,DBH
2496,MALRD1
2497,GPR37L1
2498,ACKR4
2499,JAG2
2500,RNF5
2501,CLEC4A
2502,PNPLA2
2503,TMEM229A
2504,COX11
2505,SLC15A4
2506,FNDC10
2507,CLDN24
2508,TMEM30B
2509,GALNTL5
2510,GPR45
2511,FIBCD1
2512,SEC62
2513,MARCHF8
2514,KCNC1
2515,NPR1
2516,NCR2
2517,NTRK1
2518,HGSNAT
2519,GABBR2
2520,OR14C36
2521,ANTXR2
2522,OR5W2
2523,ELAPOR1
2524,OR4K1
2525,NOTCH2
2526,SLC25A38
2527,RHEX
2528,ABHD14A
2529,TRAT1
2530,CD151
2531,GPR61
2532,KRT10-AS1
2533,PEX3
2534,LRP1
2535,SLC35A5
2536,SIGLECL1
2537,RNF145
2538,CDH2
2539,OR2A12
2540,SLC46A2
2541,PIGX
2542,NPTXR
2543,TBXAS1
2544,CACNG2
2545,FUT1
2546,ST6GALNAC1
2547,ADGRD2
2548,ASGR1
2549,B3GNT3
2550,PCDHB1
2551,TACR1
2552,GALNT9
2553,RAET1G
2554,CACNG5
2555,SLC35F2
2556,TMEM258
2557,LPAR3
2558,CABP7
2559,SCN2B
2560,GPR173
2561,TMPRSS11F
2562,GP9
2563,CYB5A
2564,BST2
2565,CDH6
2566,XKRY
2567,ERGIC1
2568,RHBDF2
2569,ATP7A
2570,ITM2B
2571,OR7G2
2572,TPTE
2573,GPBAR1
2574,TMEM115
2575,CSPG5
2576,NDUFB11
2577,SLC18B1
2578,SLC7A10
2579,GPR148
2580,MTNR1B
2581,MAJIN
2582,SLC17A8
2583,MARCHF9
2584,STT3B
2585,SLC25A25
2586,SLC49A3
2587,UBE2J1
2588,C20orf141
2589,TAOK2
2590,TRPM1
2591,CFAP65
2592,SPATA31D3
2593,TEX29
2594,CNNM1
2595,SMIM17
2596,BAK1
2597,OR52L2P
2598,MET
2599,GRIN2B
2600,DSG3
2601,STARD3
2602,CNPPD1
2603,PLAAT4
2604,SLC39A3
2605,LRRC38
2606,OR4C13
2607,UGCG
2608,VRK2
2609,ZDHHC18
2610,DSCAML1
2611,BOC
2612,TMEM132B
2613,OR6C75
2614,TLR9
2615,CCDC25
2616,GALNT8
2617,CATSPER2
2618,OR2F1
2619,SEZ6
2620,TMEM70
2621,TMEM236
2622,MTNR1A
2623,LRIT3
2624,PRLR
2625,MICOS10
2626,AQP1
2627,IL6ST
2628,BTNL2
2629,ITGB4
2630,CYC1
2631,GRIK4
2632,SLC6A16
2633,TRPV5
2634,ABCC10
2635,PEX11A
2636,CAMLG
2637,MUSK
2638,OR1L6
2639,NDUFC2
2640,SLC10A4
2641,TMEM30CP
2642,KIR2DS3
2643,MCAM
2644,ERGIC3
2645,OR4N4C
2646,ASIC5
2647,CLRN2
2648,TMEM140
2649,GSG1L2
2650,VASN
2651,IGSF1
2652,CDH4
2653,ALG11
2654,PRRT3
2655,SCO1
2656,MCEMP1
2657,KLRF2
2658,B4GALT5
2659,CTAGE4
2660,CCSMST1
2661,VSIG2
2662,TFR2
2663,FAM162B
2664,MFSD11
2665,NDUFA3
2666,DAGLA
2667,KCNJ15
2668,OR2G6
2669,AFG3L2
2670,COL25A1
2671,TRDN
2672,LDAF1
2673,MRGPRX4
2674,GRIN1
2675,OR5H14
2676,TMEM253
2677,TMEM68
2678,TMEM238L
2679,PNLDC1
2680,TMEM52
2681,SLC13A2
2682,TAPT1
2683,C2orf92
2684,RELT
2685,WLS
2686,NXPE2
2687,LIME1
2688,CD4
2689,OR8B3
2690,PLB1
2691,OR52K2
2692,PTTG1IP
2693,GPRC6A
2694,SLC3A2
2695,ITPR2
2696,KIR3DL3
2697,ATP2B3
2698,PREB
2699,HLA-DQB2
2700,KCNH3
2701,FCGR2C
2702,APCDD1L
2703,SEMA4G
2704,UBE2J2
2705,PCDHA9
2706,FAM74A3
2707,RCE1
2708,FLT3LG
2709,PLD4
2710,OR2T7
2711,OR3A4P
2712,VPS35L
2713,KCNMA1
2714,CACNA1F
2715,GPR87
2716,RNF24
2717,TMEM120A
2718,TSPAN10
2719,LYVE1
2720,UNC50
2721,TMEM198
2722,BDKRB2
2723,DMPK
2724,IFI6
2725,CLN3
2726,PCSK5
2727,TPST1
2728,NLGN1
2729,SNX14
2730,VDAC3
2731,SIGLEC6
2732,ZPLD1
2733,ITM2A
2734,CYP4X1
2735,ALG6
2736,ABCG8
2737,B3GNT9
2738,TMEM82
2739,COLCA1
2740,LILRB3
2741,ELOVL6
2742,MIA2
2743,SLC12A6
2744,PIP4P2
2745,ZP1
2746,CFTR
2747,LY6G6F
2748,CH25H
2749,OR5D14
2750,RYR2
2751,CEACAM4
2752,LMTK2
2753,LILRA5
2754,PTPRD
2755,SLC6A7
2756,TMEM8B
2757,MTDH
2758,GCNT2
2759,IFNLR1
2760,DRD1
2761,SLC25A1
2762,SLC52A2
2763,CLDND2
2764,HSD17B12
2765,OR5V1
2766,TECRL
2767,DISP1
2768,SLC7A8
2769,GPR82
2770,OR6A2
2771,ITGA1
2772,DLL1
2773,SLC5A7
2774,TMEM25
2775,GRM4
2776,CHRNA9
2777,FCRL5
2778,BRAWNIN
2779,FAM162A
2780,TNFRSF19
2781,VAMP5
2782,CLIC5
2783,TMEM37
2784,TMEM44
2785,TMC5
2786,OR4C5
2787,AVPR1B
2788,SLC38A4
2789,NOC4L
2790,CSF1
2791,COMTD1
2792,OR5M10
2793,OR13J1
2794,CRYM-AS1
2795,CHRNA1
2796,MPPE1
2797,CYP19A1
2798,OR8G1
2799,TMEM39A
2800,SLITRK6
2801,SLC38A3
2802,OR5D18
2803,SLC25A53
2804,EPHA5
2805,SLC8B1
2806,Q902F9
2807,OR51J1
2808,PLLP
2809,HTR4
2810,OR1F1
2811,BTN2A1
2812,HLA-DQB1
2813,GOLT1B
2814,STEAP1B
2815,SLC2A4
2816,KLRG1
2817,TMC4
2818,ATP4A
2819,SLC26A7
2820,RNF222
2821,TAS2R30
2822,SMIM13
2823,ST8SIA4
2824,SLAMF1
2825,INSIG2
2826,SLC16A1
2827,ADORA2B
2828,CD99L2
2829,TMBIM6
2830,LINGO3
2831,PROCR
2832,CD68
2833,GPR137B
2834,PCDHGC5
2835,MYMK
2836,SMIM33
2837,TMEM63A
2838,KCNH7
2839,OR5M8
2840,A3GALT2
2841,MS4A5
2842,SIGLEC14
2843,OR2W3
2844,VOPP1
2845,TEX51
2846,OR10D4P
2847,SMLR1
2848,HTR3C
2849,TMEM132E
2850,UGT2B17
2851,CD300LB
2852,OR6K6
2853,CACNA1D
2854,SIGLEC1
2855,SLC35B2
2856,MFSD3
2857,PHTF2
2858,GPM6A
2859,ENPP5
2860,PVR
2861,CYP2D7
2862,SLITRK1
2863,TMX2
2864,GJA8
2865,BACE1
2866,GJA9
2867,ELOVL7
2868,DPY19L4
2869,LETMD1
2870,IL17RB
2871,OR2L5
2872,TMEM45B
2873,HRH4
2874,MPL
2875,ARMCX3
2876,KIR2DS2
2877,ABCC12
2878,PCDHB3
2879,CLDN2
2880,FAM237A
2881,KIRREL3
2882,KCNJ6
2883,LHFPL3
2884,C1GALT1C1
2885,ABO
2886,SLC31A2
2887,SMIM27
2888,DNAJC19
2889,RTN2
2890,OR2T2
2891,P2RY1
2892,SMIM30
2893,LSR
2894,FNDC9
2895,PROM2
2896,OR51V1
2897,CLIC4
2898,SLC29A4
2899,ANKAR
2900,RMDN3
2901,TOMT
2902,OR2AG1
2903,B3GNT2
2904,LRRC37A2
2905,PCDHGA3
2906,SLCO1B7
2907,OR4M2B
2908,PINK1
2909,TOR1AIP1
2910,KRTCAP3
2911,TMEM210
2912,VEZT
2913,TMEM80
2914,TMEM144
2915,OR6N2
2916,OR3A1
2917,TMEM262
2918,OR6C6
2919,GPR32P1
2920,CERS4
2921,CLIC3
2922,COA1
2923,KDELR1
2924,NMUR1
2925,UGT2A1
2926,ABHD3
2927,CHST9
2928,SLC30A2
2929,F3
2930,ADRA1D
2931,G6PC3
2932,BMPR1A
2933,OR9Q1
2934,SLC45A4
2935,OR5G3
2936,AGER
2937,MAN1A2
2938,RNF217
2939,PLP1
2940,OR5P2
2941,ADGRB2
2942,STEAP4
2943,AIFM2
2944,RNF139
2945,GLRA2
2946,C6orf50
2947,NDC1
2948,LGR4
2949,TMEM120B
2950,GPAM
2951,ADORA3
2952,SLC16A11
2953,LY9
2954,KCNJ12
2955,ADGRB3
2956,MRGPRF
2957,CYP4F12
2958,ACP2
2959,STX2
2960,CCR8
2961,TMEM151B
2962,CCR5
2963,COX7B2
2964,IL2RG
2965,MFN2
2966,RFT1
2967,FZD7
2968,CLEC2B
2969,ST3GAL6
2970,SSTR1
2971,ZDHHC11B
2972,OR5AC2
2973,KCNJ14
2974,SLC41A3
2975,CADM2
2976,CHSY1
2977,OR4F6
2978,ANO9
2979,PIGF
2980,PCDHB12
2981,XKR5
2982,LRIT2
2983,GJB1
2984,SLC17A7
2985,ELFN1
2986,KCNE1B
2987,SLC35B3
2988,PDGFRA
2989,OR5B17
2990,ERBB3
2991,HERPUD1
2992,OR10K2
2993,MICOS13
2994,TMEM40
2995,TSPAN19
2996,CNGB3
2997,O42043
2998,HTR3D
2999,GPR4
3000,RAET1E
3001,SLC24A2
3002,RHBDD2
3003,SLC2A14
3004,OR2W1
3005,OR8U3
3006,TMEM204
3007,SI
3008,MLC1
3009,KCNG4
3010,IL11RA
3011,FITM2
3012,ADGRE3
3013,NSG1
3014,CLEC4D
3015,IL9R
3016,CD19
3017,B3GALT6
3018,SCD
3019,SLC25A39
3020,PLPP6
3021,CHST15
3022,RNFT1
3023,GPR176
3024,KL
3025,BCL2L10
3026,TMED9
3027,KCNQ5
3028,SLC22A31
3029,MOSMO
3030,NPY2R
3031,TMEM251
3032,MRLN
3033,PTPRS
3034,ABHD1
3035,EMD
3036,SLC1A6
3037,OR4K14
3038,SEC61A1
3039,MPEG1
3040,IGDCC4
3041,KCNU1
3042,OR1L1
3043,OR5B12
3044,CYBC1
3045,HTR1F
3046,LST1
3047,OR4C3
3048,PEX11G
3049,APMAP
3050,EREG
3051,DCBLD2
3052,SLC30A8
3053,OR52E5
3054,ABCB7
3055,IL1RAP
3056,ACBD5
3057,STBD1
3058,KIAA0319L
3059,CCPG1
3060,OR7C1
3061,NPIPB3
3062,NPIPB4
3063,PAM
3064,TMEM125
3065,CACNA2D1
3066,VSIG1
3067,B3GNT8
3068,TRDC
3069,GRM7
3070,ADCYAP1R1
3071,GGT5
3072,C2CD2L
3073,GABRR3
3074,GOLGA5
3075,NDUFB3
3076,FAM205A
3077,FAM189A1
3078,SLC11A2
3079,PTPRM
3080,OR52D1
3081,ADCY4
3082,PLXNA1
3083,ROR2
3084,FBXW7-AS1
3085,CMTM7
3086,IFNGR1
3087,OR4C11
3088,SLC25A33
3089,HRH3
3090,UGT1A10
3091,MUC17
3092,CSPG4
3093,LRRC4
3094,ERVK-21
3095,PTH2R
3096,ACSL6
3097,TMEM87B
3098,GJA4
3099,LPAR4
3100,DAG1
3101,MARVELD2
3102,ITGAV
3103,IL27RA
3104,C5AR2
3105,ASTN2
3106,OR2A14
3107,GJC1
3108,BTN2A2
3109,PTTG1IP2
3110,ABCC4
3111,OR2Z1
3112,TMEM185B
3113,C17orf80
3114,MGAT2
3115,COX7A1
3116,ROBO1
3117,CSF2RA
3118,LRRC8A
3119,TMPRSS4
3120,GJB5
3121,VN1R2
3122,ERBB4
3123,SLC22A25
3124,GPR149
3125,NCKAP1L
3126,XKR4
3127,GRM5
3128,GALNT16
3129,OR5M9
3130,TMEM252
3131,CYP4Z1
3132,SELENOK
3133,APLP1
3134,MGAM
3135,GPA33
3136,MS4A12
3137,PIGR
3138,LTB4R2
3139,KLRC2
3140,UGT3A1
3141,CALHM1
3142,CD300LG
3143,SLC6A9
3144,CHRNA5
3145,SLC52A1
3146,MAMDC4
3147,OR12D3
3148,MEGF9
3149,CACFD1
3150,FFAR1
3151,OR52J3
3152,MLNR
3153,TRIL
3154,CHRM5
3155,GHITM
3156,SYT14
3157,SELENOT
3158,RDH5
3159,GP1BB
3160,OR2T12
3161,HTR3E
3162,SERINC5
3163,YIPF4
3164,OR6C3
3165,CD200R1L
3166,OR10P1
3167,LDLRAD4
3168,NMBR
3169,MAOB
3170,CLEC4G
3171,MUC3B
3172,OR4D5
3173,TMEM129
3174,POM121
3175,SCN3B
3176,TMEM170A
3177,OR4P4
3178,CACNA1H
3179,NIPA1
3180,EDA
3181,TMEM205
3182,SLC25A18
3183,RNF223
3184,OR8K3
3185,KLRF1
3186,EMP2
3187,MIA3
3188,GUCY2D
3189,VN1R4
3190,ENPP1
3191,SLC4A4
3192,TMEM65
3193,LRRTM2
3194,HCN2
3195,IL1RAPL2
3196,SLC38A7
3197,CD40LG
3198,PLPPR5
3199,OR5C1
3200,XG
3201,LEMD2
3202,SLC37A1
3203,ERVPABLB-1
3204,TMEM161B
3205,DPY19L2
3206,UNC5C
3207,HAS3
3208,UBAC2
3209,KCNA7
3210,OR8D4
3211,OR51F1
3212,CA14
3213,GJA3
3214,GALNT2
3215,TMEM238
3216,GPR108
3217,PIGZ
3218,DSG1
3219,TMEM54
3220,MPV17L
3221,HLA-DRB4
3222,SHISA7
3223,DCBLD1
3224,TMEM139
3225,PNPLA3
3226,LCTL
3227,TXNDC11
3228,HLA-DRB1
3229,FAM241A
3230,P58400
3231,GRIN2D
3232,OR11H6
3233,CR1
3234,CD2
3235,SLC25A6
3236,TNFRSF12A
3237,TMEM11
3238,LRRC55
3239,TMEM94
3240,TMEM62
3241,CD84
3242,FAM209A
3243,OR4F5
3244,SLC26A11
3245,SORCS2
3246,KCNT2
3247,PANX2
3248,SLC13A1
3249,OR5D13
3250,OR10H1
3251,TM2D2
3252,PEX16
3253,OR7E24
3254,LAMP5
3255,UGT2B10
3256,DGCR2
3257,RNF185
3258,TMEM184A
3259,TM9SF2
3260,OPALIN
3261,POMT1
3262,MYADML2
3263,NPSR1
3264,FCGRT
3265,SCN4A
3266,CMTM2
3267,TAAR6
3268,FGFR4
3269,ERVS71-1
3270,TLCD3A
3271,GJA10
3272,GABRP
3273,SFXN1
3274,GPR107
3275,LDLRAD3
3276,STIM2
3277,SYNE3
3278,SLC15A1
3279,ECE2
3280,GSDMA
3281,TYROBP
3282,SLC6A17
3283,RNFT2
3284,PCDHB14
3285,TM7SF2
3286,LPCAT3
3287,TOMM70
3288,RRBP1
3289,OR2AT4
3290,OR13F1
3291,ATP5MC3
3292,Q902F8
3293,ACE
3294,FZD9
3295,EVA1C
3296,TNFRSF17
3297,ENTPD1
3298,TMEM229B
3299,B3GAT1
3300,GLRA1
3301,EXT2
3302,ANTKMT
3303,FUT7
3304,KIAA0319
3305,SLC17A9
3306,CLMN
3307,STX1A
3308,TEX50
3309,CHRNA6
3310,FCRL1
3311,C3AR1
3312,GLT8D1
3313,SLC2A1
3314,FLVCR1
3315,C8orf49
3316,FIMP
3317,BCL2
3318,F2RL1
3319,NOMO2
3320,TMEM87A
3321,PCDH11Y
3322,FZD8
3323,CD93
3324,ICMT
3325,PLPP1
3326,OR2M3
3327,TMEM45A
3328,TM4SF20
3329,PIGS
3330,ASAH2
3331,CLIC2
3332,TPCN1
3333,TMEM43
3334,NFASC
3335,NPIPB11
3336,GRIK5
3337,TMEM235
3338,SIGLEC8
3339,MRC2
3340,OR52Z1
3341,OR4K5
3342,OR4D2
3343,ITFG1
3344,TMEM163
3345,TMEM134
3346,NPDC1
3347,ATP8A1
3348,NECTIN3
3349,TMEM63B
3350,SMIM41
3351,SLC47A2
3352,IL13RA1
3353,HCST
3354,GIPR
3355,ADGRE5
3356,OR1G1
3357,YIF1B
3358,SNN
3359,GRIK3
3360,NDUFB8
3361,TAS2R16
3362,SSTR3
3363,GPR15
3364,OR10G7
3365,SLC25A2
3366,OPN1MW
3367,CD74
3368,SCAMP4
3369,LPCAT4
3370,PDZD8
3371,OR2H2
3372,TMPRSS7
3373,RETREG3
3374,SURF1
3375,UGT3A2
3376,SPN
3377,KITLG
3378,RAMP2
3379,PERP
3380,MUC16
3381,SLC25A42
3382,TNFRSF4
3383,MT-ND3
3384,C1GALT1C1L
3385,SMIM31
3386,HAVCR1
3387,TMEM176A
3388,CELSR1
3389,MMP16
3390,SLC10A7
3391,UBR4
3392,OR10G8
3393,KCNK2
3394,LHFPL4
3395,SLITRK2
3396,MFSD5
3397,UGT2B28
3398,ST6GALNAC4
3399,OR5AK2
3400,FFAR2
3401,ERMARD
3402,FMO3
3403,NRSN1
3404,VCAM1
3405,IGSF9
3406,SLC16A4
3407,CLDN5
3408,POPDC3
3409,SMCO3
3410,SLC39A11
3411,TMEM106A
3412,TMEM260
3413,CXCR6
3414,CYB5B
3415,ADGRA1
3416,B3GALT5
3417,CLDN7
3418,SLITRK4
3419,MS4A4E
3420,MBOAT4
3421,OR51M1
3422,ITGB8
3423,GCGR
3424,ITGA2B
3425,RNF150
3426,YIF1A
3427,TMEM74
3428,RXFP4
3429,OPN4
3430,KCNA10
3431,CALCR
3432,BCL2L13
3433,SERINC2
3434,TRGC2
3435,OR1D2
3436,SDIM1
3437,PTGIS
3438,CPLANE1
3439,EMCN
3440,TMPRSS11D
3441,SLC36A3
3442,SLC39A8
3443,ABCA8
3444,KCNQ2
3445,OR4K17
3446,P2RY11
3447,MARCHF6
3448,OR1M1
3449,MSLNL
3450,CDAN1
3451,LRIT1
3452,AATK
3453,KASH5
3454,GLIPR1L2
3455,OR6C76
3456,LINC02912
3457,SLC5A4
3458,TGFBR3L
3459,SLC8A3
3460,SIRPB2
3461,TNMD
3462,TRABD2B
3463,S1PR3
3464,EDA2R
3465,PANX3
3466,ATP8A2
3467,OR2T33
3468,GHSR
3469,HHATL
3470,LMBR1L
3471,RNF130
3472,TSPAN1
3473,OR6M1
3474,KCNJ16
3475,VTI1A
3476,LRRC25
3477,CADM3
3478,TMEM59L
3479,TMEM232
3480,GCNT4
3481,OR56B2P
3482,LAIR1
3483,ESYT3
3484,PIGW
3485,SEMA4A
3486,FADS6
3487,MGST3
3488,CXCR2
3489,EVI2B
3490,CD101
3491,LMTK3
3492,GABRR2
3493,NRP1
3494,GOLIM4
3495,UTS2R
3496,ELOVL1
3497,B4GALT7
3498,HLA-DPB1
3499,ELOVL3
3500,PTPRC
3501,AVPR2
3502,SYNE4
3503,CD300LF
3504,TMPPE
3505,CERS6
3506,SPACA6
3507,GRM2
3508,HYAL4
3509,NPR3
3510,SMIM4
3511,FAM189B
3512,SLC6A15
3513,SLC35B1
3514,TSPAN8
3515,ECSCR
3516,CYP26C1
3517,PCDHAC2
3518,MARCHF11
3519,TMEM214
3520,BMPR1B
3521,NOX4
3522,FXYD7
3523,GGT3P
3524,PKD1L3
3525,NCSTN
3526,LRRC37A
3527,IKBIP
3528,KLRG2
3529,PROKR2
3530,KCNQ3
3531,COX14
3532,HCN4
3533,SLC27A1
3534,OR51F2
3535,EPHB1
3536,TMEM106B
3537,CMTM4
3538,OR8G3P
3539,TMEM41B
3540,RTP3
3541,OR2A1;
3542,LRRC37A3
3543,SLC44A2
3544,LILRA2
3545,SPPL2A
3546,OR2T5
3547,CMTM3
3548,FMO2
3549,SCN1B
3550,PRO1933
3551,UGT1A9
3552,GPR143
3553,DDR2
3554,DHCR24
3555,ALDH3A2
3556,CNNM3
3557,TMEM64
3558,ST6GALNAC3
3559,LPCAT1
3560,CHST13
3561,PCDHGC3
3562,NKPD1
3563,CACNA1I
3564,CTXN3
3565,VSTM2B
3566,CDH22
3567,TLR4
3568,OR56B1
3569,OR5T3
3570,GPR137
3571,SLC17A3
3572,SPATA31A7
3573,CATSPERG
3574,GRIA2
3575,TMED6
3576,NTRK3
3577,OR6F1
3578,TRHDE
3579,SGMS1
3580,OR13C5
3581,FMO4
3582,RTP5
3583,DPY19L3
3584,KIR2DL2
3585,SFT2D1
3586,HSD3B1
3587,PCDHGA12
3588,YIPF3
3589,OR5AP2
3590,SC5D
3591,PTPRT
3592,SMPD2
3593,ARIH2OS
3594,UGT8
3595,SLC1A2
3596,GPR32
3597,SLC6A13
3598,GXYLT1
3599,ALG8
3600,ATP5MK
3601,APLNR
3602,SCN8A
3603,BDKRB1
3604,B4GALT4
3605,SCN1A
3606,ESYT1
3607,MUC1
3608,MFSD2A
3609,IL7R
3610,L0R6Q1
3611,KIR3DL2
3612,MC2R
3613,HRK
3614,COX20
3615,OR6K3
3616,TMC2
3617,GGT7
3618,B4GALNT4
3619,MIR17HG
3620,PCDH19
3621,ITGAM
3622,B3GALT2
3623,DGAT2L6
3624,GPR75
3625,HS6ST2
3626,FCAMR
3627,OR1J2
3628,SHISA2
3629,TAS1R2
3630,CYP4V2
3631,ENG
3632,SV2B
3633,SLC22A10
3634,A4GNT
3635,VAPB
3636,CATSPER3
3637,IL1R2
3638,GRIA4
3639,OR1A2
3640,UBR3
3641,YIPF5
3642,NPY4R
3643,KCNH1
3644,GREB1L
3645,TNFSF9
3646,IL2RB
3647,OR2C1
3648,LILRA4
3649,STX6
3650,OPN1SW
3651,TAS2R39
3652,UQCRQ
3653,VAMP8
3654,SLC7A14
3655,TMCC2
3656,KCNG3
3657,KCNJ5
3658,ACKR1
3659,LEPROT
3660,PAQR4
3661,TRPV4
3662,NPHS1
3663,SDR42E1
3664,NDUFA4
3665,TMPRSS15
3666,GRAMD1A
3667,TM4SF19
3668,SLC30A1
3669,LRRC3B
3670,HAS2
3671,TSPAN11
3672,LILRB4
3673,TPCN2
3674,SERINC3
3675,OR1L8
3676,TREM1
3677,GPR139
3678,VMP1
3679,OR1F12
3680,TMEM220
3681,ERG28
3682,SLC33A1
3683,SLC24A4
3684,SSR4
3685,SLC22A9
3686,OR4D11
3687,LHFPL1
3688,SFXN2
3689,ABCG5
3690,REEP6
3691,NIPA2
3692,IL18RAP
3693,CRB2
3694,SLC25A4
3695,IGSF9B
3696,KIT
3697,OR1F2P
3698,FER1L5
3699,MS4A4A
3700,C2CD2
3701,PRTG
3702,PKD2
3703,PAQR3
3704,MFSD8
3705,OR11H12
3706,GALNT4
3707,SCN3A
3708,G6PC2
3709,ATP6V0E2
3710,CACNG3
3711,SPTY2D1OS
3712,SIDT1
3713,CD83
3714,KCNJ1
3715,OR5A2
3716,FADS1
3717,KCNJ18
3718,OR1L4
3719,LAPTM4B
3720,OR4S2
3721,STIM1
3722,SCAMP5
3723,COL17A1
3724,PAG1
3725,ENTPD7
3726,C5orf60
3727,TMEM114
3728,SLC2A13
3729,PLPP7
3730,GPR63
3731,TLR8
3732,CANT1
3733,OR52K1
3734,CD164
3735,SLC5A9
3736,SPTLC2
3737,NPBWR2
3738,TMEM211
3739,DCHS1
3740,TLR7
3741,TMEFF1
3742,FAT3
3743,ITGAL
3744,OR10J6P
3745,GPR34
3746,OR4C12
3747,CDH1
3748,TMIE
3749,GABRB2
3750,IL17RE
3751,GET1
3752,NUP210
3753,POMGNT2
3754,GFRAL
3755,OR52B2
3756,CYP4Z2P
3757,TIMM17A
3758,SLC66A3
3759,COX4I2
3760,SLC6A19
3761,HLA-DOB
3762,CCR4
3763,PIGB
3764,LMBRD1
3765,TMEM30A
3766,TMEM216
3767,LINC00301
3768,ADAM11
3769,KDELR3
3770,GJD3
3771,TMEM230
3772,PCDHA6
3773,SLC39A1
3774,CCDC51
3775,CD226
3776,MACO1
3777,TMEM92
3778,KCNF1
3779,SEZ6L
3780,TMEM269
3781,SREBF1
3782,TMEM179
3783,PXMP4
3784,STX3
3785,VAMP3
3786,SMIM24
3787,ECEL1
3788,GPR85
3789,SPTLC1
3790,BCAP29
3791,KCNA5
3792,SMIM28
3793,ZDHHC5
3794,PLPP4
3795,SMCO4
3796,TMEM275
3797,LY75
3798,TRPM4
3799,SMPD4
3800,CD1E
3801,IL20RA
3802,PGAP6
3803,CXCR5
3804,CACNA1E
3805,MARVELD1
3806,ATP4B
3807,NOTCH3
3808,RHBDL1
3809,RHBG
3810,OR51B4
3811,GIMAP1
3812,PCDHA12
3813,NUS1
3814,SPRING1
3815,HLA-DRB3
3816,TAS2R13
3817,CYB561A3
3818,OR5H15
3819,ZDHHC2
3820,LARGE1
3821,CEACAM20
3822,SECTM1
3823,HIDE1
3824,STX18
3825,SHISAL2A
3826,FER1L4
3827,TMEM222
3828,DNAJC14
3829,OR4N4
3830,WBP1L
3831,CREB3L2
3832,CD82
3833,PDPN
3834,ADCY2
3835,CD247
3836,B4GALNT3
3837,PLXNA4
3838,FRMD5
3839,S1PR2
3840,OR8B4
3841,TMIGD1
3842,FAM234A
3843,SYT9
3844,TMEM191B
3845,LRRC32
3846,ROS1
3847,CLGN
3848,SEMA4F
3849,DERL3
3850,C19orf12
3851,TTYH2
3852,SMIM40
3853,PRRG3
3854,STAB1
3855,SLC12A4
3856,MRGPRE
3857,PKD2L1
3858,JPH1
3859,TMEM69
3860,LRFN4
3861,CLDN23
3862,MYRFL
3863,PCDHGA9
3864,SMIM42
3865,ARSH
3866,TMEM119
3867,PCDHB16
3868,HLA-B
3869,SLC23A1
3870,Q8N1Y9
3871,LRRC4C
3872,GJB7
3873,GPM6B
3874,IMMT
3875,OMA1
3876,MMP14
3877,TFRC
3878,SLC12A2
3879,SLC5A1
3880,GLRA3
3881,UXS1
3882,OR52I2
3883,LINC00862
3884,HLA-DRA
3885,CASD1
3886,UNQ5815/PRO19632
3887,MFAP3L
3888,RNF112
3889,ABCA12
3890,PCDH20
3891,NDST4
3892,CHODL
3893,PCDHGA4
3894,KCNN3
3895,CYP4F8
3896,ERVK-9
3897,PIGP
3898,SYP
3899,ATL1
3900,MC3R
3901,GPR65
3902,TNFSF15
3903,SLC25A30
3904,ST6GAL1
3905,MICU1
3906,ALOX5AP
3907,DSEL
3908,AMIGO3
3909,BNIP1
3910,GLCE
3911,A6NNC1
3912,BLCAP
3913,LGR5
3914,PIGU
3915,MMP24
3916,SLC25A11
3917,CNGB1
3918,OR2T8
3919,TMEM156
3920,NPY1R
3921,CXADR
3922,SLC6A14
3923,HLA-F
3924,HRCT1
3925,OR2B8P
3926,CNIH2
3927,GPR89A
3928,COX6A1
3929,Q8N9W7
3930,NRP2
3931,TMEM208
3932,ABCA6
3933,PCDHGB2
3934,CYP4F11
3935,SLC7A2
3936,MICA
3937,TAS2R43
3938,STIMATE
3939,PTPRR
3940,COX15
3941,TMCC3
3942,LRRC52
3943,CYSLTR2
3944,SMIM39
3945,SMIM19
3946,TVP23A
3947,PMP22
3948,ALG5
3949,TVP23B
3950,PLSCR2
3951,REELD1
3952,SLC25A43
3953,SLC22A12
3954,TMEM41A
3955,OR52E6
3956,VAMP1
3957,P2RY2
3958,AGTR2
3959,AGPAT1
3960,FAM8A1
3961,CD8B2
3962,MFSD6L
3963,RTP4
3964,SMIM1
3965,PCDH1
3966,MINAR2
3967,SLC36A4
3968,NINJ2
3969,DSC2
3970,BAMBI
3971,GPR153
3972,GCNT7
3973,ZDHHC19
3974,OR5AU1
3975,SLC22A5
3976,DCHS2
3977,TAS2R9
3978,SLC22A6
3979,EPHX3
3980,NOX5
3981,Q69384
3982,CACHD1
3983,PVRIG
3984,FLRT2
3985,SLC16A6
3986,FUT6
3987,PEX12
3988,MC5R
3989,P2RY12
3990,OR13C9
3991,ACKR2
3992,TMEM256
3993,SLC37A4
3994,PTGDR
3995,OPN1MW2
3996,SMIM34B
3997,RNF148
3998,RAMP1
3999,CDCP1
4000,SMIM11B
4001,SELE
4002,OR10S1
4003,SMIM23
4004,HTR3B
4005,OR4D9
4006,CHPT1
4007,OR52E2
4008,SLC2A2
4009,PCDHGB4
4010,CD1C
4011,RNF43
4012,ATP8B4
4013,TENM2
4014,TRPC3
4015,SLC22A23
4016,OR5M3
4017,OR4L1
4018,FAAH2
4019,OR8B12
4020,RNF128
4021,CCR7
4022,ADGRG6
4023,STX7
4024,PCDHB2
4025,P2RY10
4026,CD1A
4027,SLC35E2A
4028,NIPAL1
4029,SLAMF8
4030,CCKAR
4031,PKD1
4032,OR7D4
4033,LSMEM2
4034,ATRAID
4035,TMTC4
4036,OR8B8
4037,UGT1A7
4038,ELOVL4
4039,RNF144B
4040,P2RX5
4041,CYP4F22
4042,RXFP3
4043,MADCAM1
4044,OR2H1
4045,OR5K4
4046,TMEM231
4047,CLCC1
4048,CD46
4049,SLC35E3
4050,SLC35G6
4051,TSPAN7
4052,FATE1
4053,MRGPRG
4054,NFAM1
4055,TMEM26
4056,OR10G2
4057,NDST3
4058,CD1B
4059,CNTNAP4
4060,FCER1A
4061,TM6SF1
4062,OR5T2
4063,SLC49A4
4064,SYT13
4065,TMEM19
4066,GPR158
4067,SHISA3
4068,ADRB1
4069,TAAR2
4070,B3GAT3
4071,OR10T2
4072,CHRNB4
4073,TRPM7
4074,CD69
4075,SMIM43
4076,IGF2R
4077,UGT1A1
4078,PIRT
4079,ERLIN1
4080,ICAM4
4081,ZACN
4082,MIEF2
4083,BTNL3
4084,TMEM9B
4085,KCNK1
4086,PILRB
4087,TMEM160
4088,FKBP8
4089,TNFSF18
4090,UNC5CL
4091,BNIP3
4092,CACNG6
4093,LAMP1
4094,GRID2
4095,GRAMD1C
4096,OR52N2
4097,PET100
4098,MEGF11
4099,KCNH5
4100,VN1R5
4101,CDH26
4102,SUSD1
4103,GALNT1
4104,PCDH8
4105,UGT1A4
4106,ANO7
4107,SERP2
4108,HTR3A
4109,LDLRAD1
4110,POMT2
4111,SLC9A1
4112,AQP4
4113,RYR1
4114,KLRK1
4115,VSIG10L2
4116,FUT9
4117,TAS2R46
4118,PCDH12
4119,B4GAT1
4120,PTH1R
4121,SLC26A8
4122,TSPO
4123,OR14L1P
4124,RNF152
4125,HEPHL1
4126,NPY5R
4127,TTYH3
4128,SPAG4
4129,C9JQL5
4130,CYP2U1
4131,NDFIP1
4132,TSPAN17
4133,OR5B21
4134,CEACAM21
4135,HRH2
4136,XKR9
4137,EI24
4138,OR4C16
4139,CD79B
4140,SLC8A1
4141,TMEM174
4142,OR4C15
4143,LILRA6
4144,OSBPL8
4145,ROBO2
4146,MEP1B
4147,RNF183
4148,FZD2
4149,CDH3
4150,MANSC1
4151,TMEM143
4152,MCU
4153,XYLT2
4154,KCNK9
4155,LPAR2
4156,PAQR8
4157,MT-CYB
4158,CLDN10
4159,OR2V1
4160,ZDHHC7
4161,MOG
4162,PLXNB3
4163,NPC1
4164,SLC20A1
4165,SEC11C
4166,OR9A1P
4167,ADGRG4
4168,OR5L1
4169,AREG
4170,DERL2
4171,KCNJ4
4172,SLC19A2
4173,CHRND
4174,EIF2AK3
4175,ATAD1
4176,KCNS3
4177,TIMM29
4178,TMEM184B
4179,DRD2
4180,SLC17A6
4181,OTOF
4182,TMEM241
4183,CLEC12A
4184,MS4A2
4185,MCOLN2
4186,CNTNAP3
4187,HILPDA
4188,PCDHGA6
4189,BSCL2
4190,OR1L3
4191,GXYLT2
4192,CDS1
4193,CACNG8
4194,HS3ST6
4195,THSD1
4196,ATP13A3
4197,ADGRV1
4198,IL5RA
4199,C3orf33
4200,OR4M2
4201,PLAAT2
4202,PKDREJ
4203,SOGA3
4204,UNC5A
4205,SCN4B
4206,OR5H2
4207,COL13A1
4208,SEC22C
4209,ADRB3
4210,TEDDM1
4211,ACVRL1
4212,COX16
4213,BTNL8
4214,BNIP3L
4215,LMAN2
4216,BRI3BP
4217,TSPO2
4218,NCR3
4219,TNF
4220,NAT8L
4221,PLXNB1
4222,TBC1D20
4223,CSMD1
4224,CRIM1
4225,SMIM21
4226,NALCN
4227,TMED3
4228,VKORC1
4229,SLC17A4
4230,GPR119
4231,SLCO1C1
4232,P2RY14
4233,PCDHB18P
4234,SEMA4B
4235,RNF26
4236,OR11G2
4237,VDAC1
4238,CLDN20
4239,SLC34A2
4240,CACNA1A
4241,ATP6AP2
4242,KCNV2
4243,KIR2DS1
4244,GRIA1
4245,PLSCR3
4246,SLCO3A1
4247,SLC25A48
4248,MARCHF5
4249,RNF19B
4250,EMC1
4251,SYBU
4252,BET1
4253,TRIM13
4254,HTR1A
4255,TMEM171
4256,METTL23
4257,PCDHGB1
4258,TAS2R41
4259,SLCO6A1
4260,OR2J1
4261,PRNP
4262,OR1D5
4263,SPACA1
4264,TMEM95
4265,NDUFB1
4266,LETM1
4267,ZAN
4268,ADCY8
4269,GAL3ST1
4270,MYORG
4271,SLC27A2
4272,SRPRB
4273,ATP13A5
4274,DIO2
4275,CDH11
4276,CD3E
4277,SLC27A5
4278,SLC6A2
4279,SCARA5
4280,OR52A4P
4281,ANKRD46
4282,OR10A3
4283,RGR
4284,PDZK1IP1
4285,OR2M5
4286,MUL1
4287,C4orf3
4288,CDC14C
4289,SEZ6L2
4290,IFNGR2
4291,PLXNC1
4292,DGKE
4293,MC1R
4294,POPDC2
4295,DUOXA2
4296,ZP4
4297,NOMO1
4298,FCRL2
4299,P2RY8
4300,FNDC3B
4301,MGST1
4302,USP19
4303,TMCO3
4304,KCNJ8
4305,TEK
4306,MIGA2
4307,PIGQ
4308,OR4E1
4309,GRIN2A
4310,SLC9A4
4311,GPR27
4312,SLC39A13
4313,PCDHA1
4314,SMIM20
4315,CRHR1
4316,ALG9
4317,SLC45A2
4318,MFF
4319,SLC26A6
4320,SAMD8
4321,PTPRH
4322,NPIPB12
4323,ZP3
4324,UPK3A
4325,CCDC107
4326,ZNRF4
4327,ELFN2
4328,TRPC7
4329,C10orf105
4330,CLDN22
4331,CTAGE15
4332,TMEM35B
4333,TLR6
4334,NPFFR1
4335,ACVR2B
4336,TMED2
4337,NRG2
4338,SCARF2
4339,ELOVL5
4340,KLHDC7A
4341,OR3A3
4342,ARMCX4
4343,SLC12A5
4344,OR10V1
4345,CD320
4346,OR52M1
4347,CD9
4348,CHST8
4349,KCNK12
4350,TM9SF4
4351,CATSPERE
4352,OR5M1
4353,TRA
4354,NFE2L1
4355,UPK1A
4356,ESYT2
4357,ATP5MF
4358,SLC7A5P1
4359,ADAM10
4360,LRRC8C
4361,HACD2
4362,SLC25A41
4363,EPCAM
4364,OPRM1
4365,TNFSF10
4366,TMC1
4367,CHPF
4368,EMC6
4369,SLC45A1
4370,OR51G1
4371,KTN1
4372,OTOP2
4373,ADIG
4374,FXYD6
4375,MGAT4A
4376,CHRNA10
4377,MFSD14B
4378,DCC
4379,MPZL3
4380,PCDHB15
4381,DOLPP1
4382,GOLM2
4383,VANGL1
4384,DNAJC1
4385,TMEM14DP
4386,SLC7A5
4387,IGDCC3
4388,IGSF11
4389,TIMM23B
4390,SLC7A9
4391,ORAI1
4392,TACR2
4393,OR52N4
4394,GPR146
4395,EPHA6
4396,RNF13
4397,TMEM154
4398,CACNA1C
4399,HCAR2
4400,ABCA2
4401,CD81
4402,ENPP3
4403,ATP1A4
4404,FRAS1
4405,BEST1
4406,RRH
4407,UGT2B7
4408,OR5I1
4409,ORMDL2
4410,CCR6
4411,FFAR4
4412,SLC51B
4413,OR6T1
4414,GGCX
4415,IL12RB2
4416,SLC19A1
4417,OR10Q1
4418,OR2D2
4419,OR11L1
4420,TMEM89
4421,WSCD1
4422,MYRF
4423,PRRT2
4424,OR10A5
4425,TMEM121
4426,TMED5
4427,DPY19L1
4428,MFSD14C
4429,LGR6
4430,ZDHHC1
4431,PROM1
4432,SPACA3
4433,RNF170
4434,C7orf66
4435,YWHAH-AS1
4436,PCDHGA2
4437,GJB4
4438,SLC26A3
4439,OR4Q3
4440,KCT2
4441,APP
4442,SYS1
4443,ABCC11
4444,TMEM164
4445,OR8H3
4446,OR4F21
4447,OR2AE1
4448,FGFR2
4449,C5AR1
4450,OR4K3
4451,C1GALT1
4452,CHST11
4453,TM2D1
4454,OR5AN1
4455,DIO3
4456,ADCK5
4457,SIGLEC7
4458,RNF149
4459,CHST1
4460,LRRC4B
4461,OR10A4
4462,TMEM106C
4463,SLC9B1
4464,MYO9A
4465,CYP46A1
4466,C3orf18
4467,LDLR
4468,CLTRN
4469,SLC23A3
4470,FAM171A1
4471,HLA-DRB5
4472,DUOXA1
4473,MGARP
4474,OR10H5
4475,GALNT5
4476,GPR89B
4477,ARL6IP6
4478,TIMM50
4479,CD37
4480,TAS2R36
4481,OR10H4
4482,GJB3
4483,CRELD1
4484,SIGLEC16
4485,SLC4A3
4486,ST8SIA2
4487,TMEM187
4488,EPHB3
4489,LINGO2
4490,KCNE1
4491,GPR21
4492,ATP8B3
4493,PGRMC1
4494,FPR3
4495,OPRK1
4496,OR2AG2
4497,ABCD4
4498,HLA-G
4499,PTPRN
4500,GRIK2
4501,OR2AK2
4502,HCN1
4503,ADGRG5
4504,GPR18
4505,SNORC
4506,GJC2
4507,SHISAL2B
4508,TMEM273
4509,OCSTAMP
4510,CD3G
4511,FAM189A2
4512,TMTC2
4513,PRAF2
4514,CD38
4515,KCNA4
4516,SEC61A2
4517,LPAR6
4518,CATSPER4
4519,OR2L2
4520,TMEM132D
4521,SUSD5
4522,OR10J4
4523,OR56A3
4524,TNFSF11
4525,PLXNA3
4526,SNPH
4527,BTNL9
4528,ENPP4
4529,HTR7
4530,CHRNA7
4531,CATSPERD
4532,PCDHB5
4533,TTYH1
4534,HLA-DPA1
4535,MFSD6
4536,GPR171
4537,ATP1B2
4538,BIK
4539,LPGAT1
4540,OST4
4541,DERL1
4542,OPRD1
4543,RNF225
4544,CTDNEP1
4545,SUSD2
4546,COX8C
4547,PIGV
4548,TMEM270
4549,OR8U8
4550,GYPB
4551,TMEM242
4552,SMIM11
4553,ADGRE4P
4554,TREML2
4555,CEPT1
4556,CLCA4
4557,PCDHA10
4558,NRXN2
4559,LINGO4
4560,MME
4561,OCA2
4562,VAMP7
4563,NTSR2
4564,LRP5
4565,SCO2
4566,NSDHL
4567,PRRT1
4568,VN1R17P
4569,TMEM212
4570,TMEM225B
4571,UPK3B
4572,UCP2
4573,TMEM245
4574,Q7L0L9
4575,MUCL3
4576,NCR3LG1
4577,RGS9BP
4578,FPR1
4579,PLAAT1
4580,OR8U9
4581,VN1R3
4582,PLSCR4
4583,KCNK5
4584,PDCD1LG2
4585,LMF1
4586,C2orf74
4587,LTB
4588,COX7C
4589,CRLF2
4590,PCDHB7
4591,NDUFA1
4592,SLC5A12
4593,NAT8B
4594,TMEM185A
4595,GOLM1
4596,CLIC6
4597,OR4A4P
4598,OR14K1
4599,TNFRSF1A
4600,ADGRE2
4601,NIPAL2
4602,RRP12
4603,TMEM178B
4604,AGPAT3
4605,HEPH
4606,SLC31A1
4607,DSC3
4608,LDLRAD2
4609,TMEM234
4610,APOLD1
4611,OPN5
4612,ADGRL1
4613,SCNN1B
4614,TIMM17B
4615,SIGIRR
4616,PMEL
4617,CR2
4618,DISP3
4619,THSD7B
4620,ATP13A4
4621,ACSL5
4622,CACNG4
4623,TMEM33
4624,SEC63
4625,CLN5
4626,SEL1L3
4627,BTN1A1
4628,KIR2DL1
4629,SLC8A2
4630,TMEM107
4631,KCNH8
4632,TNFRSF9
4633,TMEM51
4634,TRPA1
4635,GYPC
4636,TMEM104
4637,ARL6IP5
4638,FCAR
4639,ERMAP
4640,PNPLA7
4641,NAGPA
4642,FUT2
4643,TLR10
4644,OR52R1
4645,CDHR1
4646,SIRPB1
4647,MAN2A2
4648,OR5AL1
4649,FAM210B
4650,ICAM2
4651,TM4SF1
4652,OR2T11
4653,LHCGR
4654,PROKR1
4655,CACNG7
4656,OR5K2
4657,SLC43A3
4658,MOSPD3
4659,ADGRB1
4660,MMGT1
4661,TSPAN32
4662,CLEC17A
4663,METTL25B
4664,CDH7
4665,TMEM138
4666,IFNAR2
4667,SMIM14
4668,BACE2
4669,SLC25A13
4670,B3GALT4
4671,VSIG8
4672,SLC41A2
4673,APCDD1
4674,C1orf185
4675,ABHD12
4676,MARCHF4
4677,YIPF2
4678,GRIN3B
4679,SCTR
4680,SRD5A1
4681,ANKH
4682,CLEC4E
4683,TMEM72
4684,LRRC24
4685,ABCA4
4686,C1orf162
4687,TSHR
4688,IL17RD
4689,ATP1B1
4690,CHST2
4691,MFSD12
4692,OR7C2
4693,VMA21
4694,MFN1
4695,HSD17B7
4696,TMEM183A
4697,PCDHA8
4698,FFAR3
4699,BTN3A1
4700,HHLA2
4701,VSIG10L
4702,SLC30A6
4703,PMIS2
4704,GGTA1
4705,SIGMAR1
4706,ISLR2
4707,EPHA8
4708,TMDD1
4709,SELP
4710,EPHA7
4711,STS
4712,PEX11B
4713,SMIM12
4714,FAM155B
4715,LRRC59
4716,SPATA31C1
4717,FPR2
4718,ICAM1
4719,SLC48A1
4720,OSMR
4721,ENTPD8
4722,RPRM
4723,GAL3ST2
4724,CLDN6
4725,AVPR1A
4726,CLN8
4727,AWAT2
4728,OR4E2
4729,OR8I2
4730,STARD3NL
4731,SLC16A10
4732,TPBGL
4733,ADGRF1
4734,SEMA6B
4735,CD302
4736,MCUR1
4737,IL10RB
4738,SORL1
4739,NKG7
4740,ALG10
4741,CTAGE6
4742,GPR132
4743,IGF1R
4744,OR2T34
4745,SSTR2
4746,TMEM50B
4747,ADGRL3
4748,RNF133
4749,FCGR1B
4750,SPATA25
4751,KLRC1
4752,CDH12
4753,KIR2DL3
4754,ATG9A
4755,TNFRSF13B
4756,SPNS1
4757,TMEM268
4758,DIO1
4759,KIAA1549L
4760,SLC30A10
4761,SLC5A8
4762,PTGER3
4763,CHST14
4764,RETREG2
4765,TMEM100
4766,SLC9A2
4767,CNTNAP3B
4768,MARCHF3
4769,PTK7
4770,RDH16
4771,BEST3
4772,OR6C68
4773,XK
4774,TRPC5
4775,ALG14
4776,HLA-DMB
4777,SLC30A5
4778,KCNQ1
4779,SCN9A
4780,SLC16A2
4781,LINGO1
4782,LMF2
4783,TMCC1
4784,MRAP2
4785,MGAT4D
4786,OR8G5
4787,TMEM219
4788,TRPV2
4789,TVP23C
4790,CD47
4791,LRRC70
4792,TENM1
4793,CTXN1
4794,PODXL2
4795,SLC7A6
4796,ATP9A
4797,DCST1
4798,ERAP1
4799,ERVK13-1
4800,SIRPA
4801,TLR3
4802,OR1B1
4803,LHFPL5
4804,KCNH2
4805,LTBR
4806,GLP2R
4807,KCNS1
4808,SLC39A5
4809,TMEM248
4810,CLDN25
4811,PLAAT3
4812,OLR1
4813,GABRG3
4814,TMEM169
4815,TMEM244
4816,OR1Q1
4817,RTN1
4818,TMEM86B
4819,CLN6
4820,OR2W6P
4821,PLD6
4822,P61567
4823,GDPD2
4824,OR4K2
4825,ENTPD2
4826,SSMEM1
4827,DHODH
4828,TMEM38A
4829,JPH4
4830,STYK1
4831,PRRT4
4832,UNC93A
4833,LRRC3C
4834,FZD4
4835,TNFRSF25
4836,SSR2
4837,MAN1C1
4838,SLC25A21
4839,SLC25A19
4840,LRRC8E
4841,ITPRIPL1
4842,SEC22B
4843,SMIM9
4844,GJB6
4845,SLC16A13
4846,SLC39A7
4847,TMEM109
4848,F2R
4849,HS3ST3A1
4850,ANTXR1
4851,CYBRD1
4852,PTDSS1
4853,OR1D4
4854,MS4A13
4855,CLEC4C
4856,GPR161
4857,ATP1B4
4858,SLC9A8
4859,TMPRSS13
4860,TSPAN3
4861,DPP6
4862,LINC00596
4863,GRM1
4864,SFT2D3
4865,OR56B4
4866,CCDC188
4867,ICOSLG
4868,NDUFB4
4869,KDELR2
4870,GDE1
4871,PRR7
4872,NKAIN2
4873,MT-ATP8
4874,PSEN2
4875,MXRA8
4876,OR51I2
4877,ATP9B
4878,ERVV-2
4879,TMEM150C
4880,TMEM88B
4881,B4GALT3
4882,KIR2DS4
4883,OR2V2
4884,KLRC3
4885,ANO4
4886,OR8G2P
4887,M6PR
4888,CD207
4889,ECE1
4890,SLC27A3
4891,TOMM7
4892,PCDHGA7
4893,CD70
4894,TMEM202
4895,CLDN4
4896,OR1J4
4897,TMEM35A
4898,VAMP4
4899,SLCO1B1
4900,ABCA10
4901,CD53
4902,TMEM126A
4903,TMEFF2
4904,SIT1
4905,EPHB4
4906,CD244
4907,MAN1A1
4908,CLDN14
4909,CLCN7
4910,SLC35A4
4911,TSPAN15
4912,SELENOS
4913,PECAM1
4914,RPN1
4915,SPAAR
4916,OR6C4
4917,SLC25A3
4918,CLMP
4919,EMC4
4920,TM7SF3
4921,GRIA3
4922,CDS2
4923,FAM172BP
4924,MFSD4B
4925,HSD11B1
4926,CLEC5A
4927,TNFRSF1B
4928,TMEM255A
4929,SLC35D1
4930,OR4K15
4931,OR12D2
4932,NDUFA13
4933,ESAM
4934,EFNB3
4935,HACD4
4936,POR
4937,MT-ND2
4938,KCNA3
4939,UBIAD1
4940,TRAM2
4941,IL17RC
4942,OR4M1
4943,HERPUD2
4944,FER1L6
4945,ST3GAL4
4946,NRXN2
4947,CCR3
4948,KCNJ2
4949,SLC35F5
4950,OR6C1
4951,CD274
4952,PCDHB13
4953,PCDHGA8
4954,SLC22A16
4955,SCAP
4956,PLXND1
4957,SLC17A5
4958,QSOX1
4959,GPR37
4960,AQP2
4961,SLC30A9
4962,GPAA1
4963,LINC00052
4964,CLDN15
4965,CYBB
4966,MTCH2
4967,TNFSF12
4968,TMEM132C
4969,SLC35F6
4970,CCDC136
4971,OR2T29
4972,SLCO2B1
4973,KCNH6
4974,TREM2
4975,RHOT1
4976,HTR1B
4977,PCSK4
4978,TNFRSF14
4979,ABHD16A
4980,GALR1
4981,SYT12
4982,SGCG
4983,C1orf115
4984,ZDHHC8
4985,EBP
4986,LRRTM4
4987,EFNB1
4988,APH1B
4989,SMIM22
4990,CNTNAP2
4991,HCN3
4992,GHRHR
4993,OR4D1
4994,ICAM3
4995,PEDS1
4996,CLIC1
4997,TCTA
4998,HLA-A
4999,TAS2R3
5000,PTPN5
5001,SLC39A14
5002,RNF186
5003,SSTR5
5004,OR5H8
5005,SLC30A4
5006,SLC25A5
5007,ASPH
5008,LPCAT2
5009,SLC35E1
5010,UQCRFS1
5011,SMIM18
5012,ADCK2
5013,GINM1
5014,NOTCH4
5015,DUOX2
5016,ADAM28
5017,TIE1
5018,PIGA
5019,B3GALNT2
5020,IGSF8
5021,TSPAN13
5022,TMEM145
5023,TRPM6
5024,CACNA1G
5025,TGFBR2
5026,P2RX7
5027,MALL
5028,ACSL1
5029,SYT3
5030,TMEM259
5031,ITGA7
5032,CNTNAP5
5033,RHBDD1
5034,CNGA2
5035,CLEC12B
5036,GALNT7
5037,ABCC1
5038,IFITM3
5039,HVCN1
5040,OR2G2
5041,AMHR2
5042,TM4SF5
5043,OR2J2
5044,TNFRSF13C
5045,SPATA31D4
5046,GPR50
5047,FITM1
5048,ASIC2
5049,OR13C3
5050,SEMA4C
5051,TPST2
5052,ATP2A2
5053,MS4A14
5054,NINJ1
5055,S1PR5
5056,TMEM191A
5057,TMEM207
5058,OR2B2
5059,ORMDL1
5060,MFSD13A
5061,OR6Y1
5062,TMEM150A
5063,SLC4A1
5064,ATP2C1
5065,ATP7B
5066,GDPD4
5067,C14orf132
5068,TMEM38B
5069,B4GALT2
5070,OR6V1
5071,OR14A16
5072,ATP8B1
5073,FRRS1L
5074,PEAR1
5075,STAB2
5076,SEC61G
5077,GPR42
5078,CD80
5079,FAM156A
5080,TRPM8
5081,OR4X2
5082,ASPHD1
5083,SLC16A14
5084,MT-CO2
5085,PARM1
5086,SLC9C1
5087,ERLIN2
5088,PLPP5
5089,ABCA7
5090,HS2ST1
5091,LAPTM4A
5092,GLG1
5093,CACNA1B
5094,LAX1
5095,GOSR2
5096,FZD1
5097,SDK2
5098,DSC1
5099,SPEM2
5100,SLC26A5
5101,ENTPD3
5102,ATP10D
5103,PCDHB8
5104,TAS2R45
5105,CMTM5
5106,TNFRSF10D
5107,TAS2R40
5108,GRIN3A
5109,SOAT1
5110,TMUB1
5111,CD180
5112,SPNS3
5113,CACNA1S
5114,CLDN18
5115,LRTM1
5116,REEP4
5117,COQ2
5118,TEX28
5119,ITGA4
5120,DLK2
5121,PIEZO1
5122,TLCD5
5123,ADAM17
5124,ATL2
5125,SCN11A
5126,SLC2A9
5127,OR52N1
5128,GABRA5
5129,ADAM32
5130,RPP38-DT
5131,LRFN3
5132,FOXRED1
5133,SORCS1
5134,PRRT1B
5135,MAN1B1
5136,SPATA31A6
5137,MOXD1
5138,SCAMP3
5139,SLC39A2
5140,KCNA2
5141,SYNE2
5142,TMEM31
5143,GPR151
5144,KIAA0040
5145,CLDN11
5146,TCTN2
5147,SLC36A1
5148,LCLAT1
5149,SLC39A4
5150,SLC7A7
5151,TARM1
5152,PKHD1
5153,MARCHF2
5154,ALG10B
5155,EPHB6
5156,ERN2
5157,GALNT12
5158,OR10A7
5159,FCRL6
5160,HLA-DOA
5161,CDH5
5162,QSOX2
5163,NCEH1
5164,ATP2B1
5165,FAM155A
5166,FUT4
5167,TAS2R10
5168,SLC30A7
5169,CD5
5170,TSPAN2
5171,GIMAP5
5172,TMEM170B
5173,TSPAN16
5174,MRC1
5175,GREB1
5176,ADORA2A
5177,TAPBP
5178,RARRES1
5179,SDR16C5
5180,MS4A6A
5181,CLECL1
5182,VSIG4
5183,TMEM151A
5184,PDGFRB
5185,GGT6
5186,KHDC1
5187,CX3CL1
5188,CALY
5189,SLC52A3
5190,CALHM5
5191,SLAMF9
5192,HLA-C
5193,DSG4
5194,KCNMB4
5195,FNDC3A
5196,KIR2DL5B
