gene,Unnamed: 0,attribution,surfaceome,DT Mass Spec - Plasma,DT Mass Spec - CSF,DT Mass Spec - Neuron Culture,HPPP - Plasma,HPPP - EV,iPSC Proteomics,Guldbrandsen2014,Zhang2007,Macron2018,Schutzer2010,Begcevic2016,Thompson2020,Muraoka2020,Thompson2018,Chiasserini2014,DT Plasma EVs from 10 individuals,DT CSF EVs from 10 individuals,Sum in Mass Spec,Transmembrane
SYT4,57,0.0014846251849867,False,0,0,0,0,0,0,0,0,0,0,0,0,0,0,0,0,0,0,True
CELF4,88,0.0011821634520878,False,0,0,0,0,0,0,0,0,0,0,0,0,0,0,0,0,0,0,False
ARHGAP22,53,0.0015789984130409,False,0,0,0,0,0,0,0,0,0,0,0,0,0,0,0,0,0,0,False
LINC01551,83,0.0012174424096024,False,0,0,0,0,0,0,0,0,0,0,0,0,0,0,0,0,0,0,False
ELAVL4,80,0.0012239781358005,False,0,0,0,0,0,0,0,0,0,0,0,0,0,0,0,0,0,0,False
SH3RF3,78,0.0012343223340033,False,0,0,0,0,0,0,0,0,0,0,0,0,0,0,0,0,0,0,False
BEX1,35,0.0020130225652718,False,0,0,0,0,0,0,0,0,0,0,0,0,0,0,0,0,0,0,False
ZEB2,75,0.0012597511010259,False,0,0,0,0,0,0,0,0,0,0,0,0,0,0,0,0,0,0,False
TCF4,74,0.0012605789333535,False,0,0,0,0,0,0,0,0,0,0,0,0,0,0,0,0,0,0,False
RASGEF1C,68,0.001301570425152,False,0,0,0,0,0,0,0,0,0,0,0,0,0,0,0,0,0,0,False
RPRM,67,0.0013097656567872,True,0,0,0,0,0,0,0,0,0,0,0,0,0,0,0,0,0,0,True
SOX4,66,0.0013320403586305,False,0,0,0,0,0,0,0,0,0,0,0,0,0,0,0,0,0,0,False
ST6GALNAC3,42,0.0017580337243431,False,0,0,0,0,0,0,0,0,0,0,0,0,0,0,0,0,0,0,True
ARHGAP24,65,0.0013488083716079,False,0,0,0,0,0,0,0,0,0,0,0,0,0,0,0,0,0,0,False
ELAVL3,44,0.0016489063753297,False,0,0,0,0,0,0,0,0,0,0,0,0,0,0,0,0,0,0,False
RUNX1T1,45,0.0016483871143043,False,0,0,0,0,0,0,0,0,0,0,0,0,0,0,0,0,0,0,False
NAV3,55,0.0015259757227598,False,0,0,0,0,0,0,0,0,0,0,0,0,0,0,0,0,0,0,False
NREP,49,0.0016085953166509,False,0,0,0,0,0,0,0,0,0,0,0,0,0,0,0,0,0,0,False
NEUROD6,51,0.0015989570765927,False,0,0,0,0,0,0,0,0,0,0,0,0,0,0,0,0,0,0,False
SATB2,52,0.0015973261009592,False,0,0,0,0,0,0,0,0,0,0,0,0,0,0,0,0,0,0,False
SYNDIG1,24,0.0022065467930019,False,0,0,0,0,0,0,0,0,0,0,0,0,0,0,0,0,0,0,True
BHLHE41,90,0.001173085849773,False,0,0,0,0,0,0,0,0,0,0,0,0,0,0,0,0,0,0,False
AOAH,85,0.0011982551814064,False,0,0,0,0,0,0,0,0,0,0,0,0,0,0,0,0,0,0,False
DCX,21,0.0023068034269179,False,0,0,0,0,0,0,0,0,0,0,0,0,0,0,0,0,0,0,False
NEUROD2,111,0.0010267232953972,False,0,0,0,0,0,0,0,0,0,0,0,0,0,0,0,0,0,0,False
MEF2C,3,0.0039071631271472,False,0,0,0,0,0,0,0,0,0,0,0,0,0,0,0,0,0,0,False
LRMDA,108,0.0010363692354649,False,0,0,0,0,0,0,0,0,0,0,0,0,0,0,0,0,0,0,False
RAC3,107,0.0010453816981575,False,0,0,0,0,0,0,0,0,0,0,0,0,0,0,0,0,0,0,False
DLX2,106,0.0010463134167346,False,0,0,0,0,0,0,0,0,0,0,0,0,0,0,0,0,0,0,False
CX3CR1,105,0.0010463682359597,True,0,0,0,0,0,0,0,0,0,0,0,0,0,0,0,0,0,0,True
MLLT11,8,0.0031405257995764,False,0,0,0,0,0,0,0,0,0,0,0,0,0,0,0,0,0,0,False
TCEAL2,104,0.0010494725760483,False,0,0,0,0,0,0,0,0,0,0,0,0,0,0,0,0,0,0,False
NNAT,10,0.0029071477894213,False,0,0,0,0,0,0,0,0,0,0,0,0,0,0,0,0,0,0,False
HS3ST4,11,0.0028580825387121,False,0,0,0,0,0,0,0,0,0,0,0,0,0,0,0,0,0,0,True
FRMD4A,22,0.0022839432110011,False,0,0,0,0,0,0,0,0,0,0,0,0,0,0,0,0,0,0,False
ATAT1,103,0.0010595252579459,False,0,0,0,0,0,0,0,0,0,0,0,0,0,0,0,0,0,0,False
MYT1L,54,0.0015512951529271,False,0,0,0,0,0,0,0,0,0,0,0,0,0,0,0,0,0,0,False
CD24,18,0.0023499035061165,True,0,0,0,0,0,0,0,0,0,0,0,0,0,0,0,0,0,0,False
DOK5,20,0.002317939177436,False,0,0,0,0,0,0,0,0,0,0,0,0,0,0,0,0,0,0,False
TTC9B,92,0.0011618869908533,False,0,0,0,0,0,0,0,0,0,0,0,0,0,0,0,0,0,0,False
FEZ1,94,0.0011475026938772,False,0,0,0,0,0,0,0,0,0,0,0,0,0,0,0,0,0,0,False
KCNQ3,50,0.0016074112438487,False,0,0,0,0,0,0,1,0,0,0,0,0,0,0,0,0,0,1,True
CAMKV,89,0.0011738048411587,False,0,0,0,0,0,0,1,0,0,0,0,0,0,0,0,0,0,1,False
GTF2I,114,0.0010150265961288,False,0,0,0,1,0,0,0,0,0,0,0,0,0,0,0,0,0,1,False
ZBTB18,64,0.0013513196436875,False,0,0,0,0,0,0,0,0,0,0,0,0,0,0,0,1,0,1,False
CSRP2,38,0.0018742777705291,False,0,0,0,1,0,0,0,0,0,0,0,0,0,0,0,0,0,1,False
PLPPR3,81,0.0012235743654471,False,0,0,1,0,0,0,0,0,0,0,0,0,0,0,0,0,0,1,True
GRIN2B,95,0.0011417465148017,True,0,0,0,0,0,0,0,0,1,0,0,0,0,0,0,0,0,1,True
SOX11,33,0.0020474793330436,False,1,0,0,0,0,0,0,0,0,0,0,0,0,0,0,0,0,1,False
SRGAP1,84,0.0012110547287332,False,0,1,0,0,0,0,0,0,0,0,0,0,0,0,0,1,0,2,False
KIF5C,96,0.001130899965047,False,0,0,0,0,0,0,1,0,0,0,0,0,0,0,0,0,1,2,False
DLX6-AS1,109,0.0010354704266365,False,0,0,0,0,0,0,0,0,0,0,0,0,0,0,0,1,1,2,False
SLC8A1,77,0.0012401122837968,True,0,0,0,0,0,0,1,0,1,0,0,0,0,0,0,0,0,2,True
LINC00461,101,0.0010811618941395,False,0,0,0,0,0,0,0,0,0,0,0,0,0,0,0,1,1,2,False
LY86,97,0.001096487442159,False,0,0,0,1,0,0,1,0,0,0,0,0,0,0,0,0,0,2,False
FNBP1L,115,0.001003740596044,False,0,0,0,0,1,0,0,0,0,0,0,0,0,0,0,1,0,2,False
DOCK4,26,0.0021615141453485,False,0,0,0,0,0,1,0,0,1,0,0,0,0,0,0,0,0,2,False
ARPP21,16,0.0024980691705626,False,0,0,0,0,0,0,1,0,1,0,0,0,0,0,0,0,0,2,False
MEG3,36,0.0019144282347084,False,0,0,0,0,0,0,0,0,0,0,0,0,0,0,0,1,1,2,False
CRMP1,23,0.0022589495066716,False,0,0,0,0,0,0,0,0,1,0,0,0,0,0,0,0,1,2,False
STMN4,6,0.0035457205311564,False,0,0,0,0,0,0,1,0,1,0,0,0,0,0,0,0,0,2,False
TBXAS1,99,0.0010920211312353,False,0,0,0,1,1,1,0,0,0,0,0,0,0,0,0,0,0,3,True
SCN3B,63,0.0013622801134825,True,0,0,0,1,0,0,1,0,1,0,0,0,0,0,0,0,0,3,True
PALD1,102,0.001073577994925,False,0,0,0,0,0,1,0,1,0,0,0,0,0,0,0,1,0,3,False
LHFPL2,110,0.0010300163855977,False,1,0,0,0,1,0,0,0,0,0,0,0,0,0,0,1,0,3,True
TUBB2B,2,0.0042425551659137,False,0,0,0,0,0,0,1,1,0,0,0,0,0,0,0,0,1,3,False
P2RY12,34,0.0020258237922875,True,0,1,0,0,1,1,0,0,0,0,0,0,0,0,0,0,0,3,True
DSCAM,112,0.0010260310942791,True,1,0,0,0,0,0,1,0,1,0,0,0,0,0,0,0,0,3,True
ADAM28,91,0.001166306741374,True,0,0,0,0,0,1,1,0,1,0,0,0,0,0,0,0,0,3,True
RAB3A,100,0.0010852958870152,False,0,0,0,0,0,0,1,0,0,0,0,0,0,0,1,1,1,4,False
SHTN1,93,0.0011585646020645,False,0,0,0,1,0,0,0,0,1,0,0,0,0,0,0,1,1,4,False
SLCO2B1,86,0.0011859492925511,True,0,0,0,0,0,1,0,0,1,0,0,0,0,0,0,1,1,4,True
FABP7,30,0.002111945585916,False,0,0,0,0,0,0,1,0,1,0,1,0,0,0,0,0,1,4,False
STMN2,0,0.0069910956385423,False,0,0,0,0,0,0,0,0,1,1,0,0,0,0,0,1,1,4,False
MARCKSL1,76,0.0012588889672049,False,0,0,0,1,0,0,0,0,1,0,0,0,0,0,0,1,1,4,False
TAGLN3,59,0.0014176475016697,False,0,0,0,1,0,0,1,0,1,0,0,0,0,0,0,0,1,4,False
INA,41,0.0017966317175273,False,0,0,0,0,0,0,0,0,1,0,0,0,0,0,1,1,1,4,False
FXYD6,98,0.0010952371907401,False,0,0,1,0,0,0,1,1,1,1,0,0,0,0,0,0,0,5,True
SYT1,17,0.0023836897872653,False,0,0,1,0,0,0,1,0,1,0,0,0,0,0,1,0,1,5,True
UCHL1,4,0.0038894801721348,False,0,1,0,1,0,0,1,0,1,0,0,0,0,0,0,0,1,5,False
PAFAH1B3,58,0.0014195011323143,False,1,0,0,1,0,0,1,0,1,0,0,0,0,0,0,1,0,5,False
MAPT,40,0.0018109587803291,False,0,1,0,1,0,0,1,0,1,0,0,0,0,0,0,0,1,5,False
CXADR,61,0.0014097140223071,True,0,0,0,1,0,0,1,0,1,0,0,0,0,0,0,1,1,5,True
SLC1A3,29,0.0021179696411568,True,0,1,0,0,0,0,1,0,0,0,0,1,0,0,1,0,1,5,True
SNCA,60,0.0014138254225978,False,1,0,0,1,1,0,0,0,1,0,0,0,0,0,0,1,1,6,False
DPYSL3,62,0.0014050984190211,False,0,1,0,1,0,0,0,0,1,0,1,0,0,0,0,1,1,6,False
SNAP25,72,0.0012688974014003,False,0,0,0,1,0,0,1,0,1,0,1,0,0,0,1,0,1,6,False
MAP1B,5,0.0038130715350621,False,0,1,0,1,1,0,1,0,1,0,0,0,0,0,0,0,1,6,False
TUBB2A,12,0.0028090449840411,False,1,1,0,0,0,0,1,0,0,0,0,0,0,0,1,1,1,6,False
CSF1R,71,0.0012782368585245,True,0,0,0,1,0,1,1,0,1,0,0,0,0,0,0,1,1,6,True
TUBA1A,43,0.001755450614324,False,1,0,0,0,0,0,1,0,0,0,1,1,0,0,1,0,1,6,False
SCG5,87,0.0011836195091189,False,0,1,0,1,0,0,1,0,1,0,1,0,0,0,1,0,1,7,False
GAP43,1,0.0057159132481316,False,0,1,0,1,0,0,1,0,1,0,1,1,0,0,0,0,1,7,False
NSG1,31,0.002094373136508,False,0,0,1,0,0,0,1,1,1,1,1,0,0,0,0,0,1,7,True
STMN1,9,0.0030975557159202,False,0,0,0,1,1,0,1,0,1,0,0,0,0,0,1,1,1,7,False
NEFM,48,0.0016239736172049,False,0,0,0,1,0,0,1,0,1,0,1,0,0,0,1,1,1,7,False
RTN1,7,0.0033452463704394,False,0,0,1,1,1,0,1,0,1,0,1,0,0,0,0,1,1,8,True
LY6H,27,0.002156858091349,True,0,0,0,1,0,0,1,1,1,1,1,0,0,0,1,0,1,8,False
GPM6A,25,0.0021955098345781,True,0,1,0,0,0,0,1,0,0,0,1,1,1,1,1,0,1,8,True
DDAH2,32,0.0020696583280199,False,0,0,0,1,1,0,1,0,1,0,0,1,0,1,0,1,1,8,False
NRXN1,19,0.0023448588574396,True,0,1,1,1,0,0,1,0,1,0,1,1,0,0,1,0,1,9,True
NTM,113,0.0010192473760587,True,0,1,0,1,0,0,1,1,1,1,1,0,0,0,1,0,1,9,False
CKB,47,0.0016312293419323,False,1,1,0,1,0,0,1,0,1,0,0,1,0,0,1,1,1,9,False
PCSK1N,39,0.0018430751295532,False,0,1,0,1,0,0,1,0,1,0,1,1,0,1,1,0,1,9,False
NELL2,69,0.0012950247185197,False,0,1,0,1,0,0,1,0,1,0,1,1,0,0,1,1,1,9,False
EPB41L2,56,0.0015049149834552,False,1,1,0,1,1,0,1,0,1,1,0,1,0,0,0,1,1,10,False
DPYSL2,70,0.0012853199420928,False,0,1,0,1,1,0,0,0,1,1,1,1,0,0,1,1,1,10,False
NCAM1,15,0.0025491142241652,True,0,1,1,1,0,0,1,1,1,0,1,1,0,0,1,1,1,11,True
APLP1,82,0.0012201767265929,True,1,1,1,1,0,0,1,0,1,0,1,1,0,0,1,1,1,11,True
YWHAH,79,0.0012286228737072,False,1,1,0,1,1,0,1,0,1,1,0,1,0,1,1,1,1,12,False
BASP1,46,0.0016323154487576,False,1,1,0,1,1,0,1,1,1,1,1,1,0,1,0,1,1,13,False
TUBB,13,0.0027589150657199,False,1,1,0,1,1,0,1,1,1,1,0,1,0,1,1,1,1,13,False
CHL1,73,0.0012653542992056,True,1,1,0,1,0,0,1,1,1,1,1,1,0,1,1,1,1,13,True
PLXDC2,37,0.0018909216344719,True,0,1,0,1,1,0,1,1,1,1,1,1,0,1,1,1,1,13,True
SPP1,28,0.0021252106736673,False,1,1,0,1,0,0,1,1,1,1,1,1,1,1,1,1,1,14,False
MARCKS,14,0.0027260589625643,False,1,1,0,1,1,0,1,1,1,1,1,1,1,1,1,1,1,15,False
